unit,Date,Hour,Lmax,Lmin,LmaxR,LminR,Umax,Umin,period
WIND01,14/06/2018,1,181.2,0,181.2,0,1,0,0
WIND02,14/06/2018,1,256.6,0,256.6,0,1,0,0
SOLAR01,14/06/2018,1,0.0,0,0.0,0,1,0,0
SOLAR02,14/06/2018,1,0.0,0,0.0,0,1,0,0
WIND01,14/06/2018,2,277.6,0,277.6,0,1,0,1
WIND02,14/06/2018,2,237.4,0,237.4,0,1,0,1
SOLAR01,14/06/2018,2,0.0,0,0.0,0,1,0,1
SOLAR02,14/06/2018,2,0.0,0,0.0,0,1,0,1
WIND01,14/06/2018,3,309.7,0,309.7,0,1,0,2
WIND02,14/06/2018,3,279.8,0,279.8,0,1,0,2
SOLAR01,14/06/2018,3,0.0,0,0.0,0,1,0,2
SOLAR02,14/06/2018,3,0.0,0,0.0,0,1,0,2
WIND01,14/06/2018,4,327.6,0,327.6,0,1,0,3
WIND02,14/06/2018,4,453.3,0,453.3,0,1,0,3
SOLAR01,14/06/2018,4,0.0,0,0.0,0,1,0,3
SOLAR02,14/06/2018,4,0.0,0,0.0,0,1,0,3
WIND01,14/06/2018,5,330.4,0,330.4,0,1,0,4
WIND02,14/06/2018,5,391.6,0,391.6,0,1,0,4
SOLAR01,14/06/2018,5,0.0,0,0.0,0,1,0,4
SOLAR02,14/06/2018,5,0.0,0,0.0,0,1,0,4
WIND01,14/06/2018,6,344.5,0,344.5,0,1,0,5
WIND02,14/06/2018,6,286.7,0,286.7,0,1,0,5
SOLAR01,14/06/2018,6,0.0,0,0.0,0,1,0,5
SOLAR02,14/06/2018,6,0.0,0,0.0,0,1,0,5
WIND01,14/06/2018,7,272.1,0,272.1,0,1,0,6
WIND02,14/06/2018,7,259.4,0,259.4,0,1,0,6
SOLAR01,14/06/2018,7,0.0,0,0.0,0,1,0,6
SOLAR02,14/06/2018,7,0.0,0,0.0,0,1,0,6
WIND01,14/06/2018,8,344.9,0,344.9,0,1,0,7
WIND02,14/06/2018,8,467.1,0,467.1,0,1,0,7
SOLAR01,14/06/2018,8,11.3,0,11.3,0,1,0,7
SOLAR02,14/06/2018,8,7.0,0,7.0,0,1,0,7
WIND01,14/06/2018,9,351.4,0,351.4,0,1,0,8
WIND02,14/06/2018,9,462.8,0,462.8,0,1,0,8
SOLAR01,14/06/2018,9,102.2,0,102.2,0,1,0,8
SOLAR02,14/06/2018,9,62.3,0,62.3,0,1,0,8
WIND01,14/06/2018,10,288.4,0,288.4,0,1,0,9
WIND02,14/06/2018,10,438.7,0,438.7,0,1,0,9
SOLAR01,14/06/2018,10,215.1,0,215.1,0,1,0,9
SOLAR02,14/06/2018,10,118.1,0,118.1,0,1,0,9
WIND01,14/06/2018,11,343.0,0,343.0,0,1,0,10
WIND02,14/06/2018,11,450.1,0,450.1,0,1,0,10
SOLAR01,14/06/2018,11,340.2,0,340.2,0,1,0,10
SOLAR02,14/06/2018,11,240.1,0,240.1,0,1,0,10
WIND01,14/06/2018,12,463.9,0,463.9,0,1,0,11
WIND02,14/06/2018,12,261.5,0,261.5,0,1,0,11
SOLAR01,14/06/2018,12,450.4,0,450.4,0,1,0,11
SOLAR02,14/06/2018,12,257.6,0,257.6,0,1,0,11
WIND01,14/06/2018,13,447.4,0,447.4,0,1,0,12
WIND02,14/06/2018,13,259.5,0,259.5,0,1,0,12
SOLAR01,14/06/2018,13,622.9,0,622.9,0,1,0,12
SOLAR02,14/06/2018,13,366.9,0,366.9,0,1,0,12
WIND01,14/06/2018,14,412.3,0,412.3,0,1,0,13
WIND02,14/06/2018,14,274.7,0,274.7,0,1,0,13
SOLAR01,14/06/2018,14,605.4,0,605.4,0,1,0,13
SOLAR02,14/06/2018,14,401.4,0,401.4,0,1,0,13
WIND01,14/06/2018,15,423.0,0,423.0,0,1,0,14
WIND02,14/06/2018,15,281.2,0,281.2,0,1,0,14
SOLAR01,14/06/2018,15,675.5,0,675.5,0,1,0,14
SOLAR02,14/06/2018,15,363.4,0,363.4,0,1,0,14
WIND01,14/06/2018,16,496.2,0,496.2,0,1,0,15
WIND02,14/06/2018,16,429.5,0,429.5,0,1,0,15
SOLAR01,14/06/2018,16,549.8,0,549.8,0,1,0,15
SOLAR02,14/06/2018,16,335.7,0,335.7,0,1,0,15
WIND01,14/06/2018,17,408.3,0,408.3,0,1,0,16
WIND02,14/06/2018,17,473.0,0,473.0,0,1,0,16
SOLAR01,14/06/2018,17,463.0,0,463.0,0,1,0,16
SOLAR02,14/06/2018,17,301.2,0,301.2,0,1,0,16
WIND01,14/06/2018,18,259.2,0,259.2,0,1,0,17
WIND02,14/06/2018,18,387.8,0,387.8,0,1,0,17
SOLAR01,14/06/2018,18,337.0,0,337.0,0,1,0,17
SOLAR02,14/06/2018,18,207.5,0,207.5,0,1,0,17
WIND01,14/06/2018,19,461.1,0,461.1,0,1,0,18
WIND02,14/06/2018,19,441.6,0,441.6,0,1,0,18
SOLAR01,14/06/2018,19,221.3,0,221.3,0,1,0,18
SOLAR02,14/06/2018,19,130.8,0,130.8,0,1,0,18
WIND01,14/06/2018,20,440.4,0,440.4,0,1,0,19
WIND02,14/06/2018,20,384.9,0,384.9,0,1,0,19
SOLAR01,14/06/2018,20,87.4,0,87.4,0,1,0,19
SOLAR02,14/06/2018,20,52.7,0,52.7,0,1,0,19
WIND01,14/06/2018,21,492.6,0,492.6,0,1,0,20
WIND02,14/06/2018,21,467.2,0,467.2,0,1,0,20
SOLAR01,14/06/2018,21,11.1,0,11.1,0,1,0,20
SOLAR02,14/06/2018,21,6.5,0,6.5,0,1,0,20
WIND01,14/06/2018,22,655.5,0,655.5,0,1,0,21
WIND02,14/06/2018,22,319.6,0,319.6,0,1,0,21
SOLAR01,14/06/2018,22,0.0,0,0.0,0,1,0,21
SOLAR02,14/06/2018,22,0.0,0,0.0,0,1,0,21
WIND01,14/06/2018,23,507.8,0,507.8,0,1,0,22
WIND02,14/06/2018,23,309.9,0,309.9,0,1,0,22
SOLAR01,14/06/2018,23,0.0,0,0.0,0,1,0,22
SOLAR02,14/06/2018,23,0.0,0,0.0,0,1,0,22
WIND01,14/06/2018,24,475.9,0,475.9,0,1,0,23
WIND02,14/06/2018,24,383.1,0,383.1,0,1,0,23
SOLAR01,14/06/2018,24,0.0,0,0.0,0,1,0,23
SOLAR02,14/06/2018,24,0.0,0,0.0,0,1,0,23
WIND01,15/06/2018,1,417.0,0,417.0,0,1,0,24
WIND02,15/06/2018,1,270.4,0,270.4,0,1,0,24
SOLAR01,15/06/2018,1,0.0,0,0.0,0,1,0,24
SOLAR02,15/06/2018,1,0.0,0,0.0,0,1,0,24
WIND01,15/06/2018,2,446.0,0,446.0,0,1,0,25
WIND02,15/06/2018,2,278.7,0,278.7,0,1,0,25
SOLAR01,15/06/2018,2,0.0,0,0.0,0,1,0,25
SOLAR02,15/06/2018,2,0.0,0,0.0,0,1,0,25
WIND01,15/06/2018,3,345.2,0,345.2,0,1,0,26
WIND02,15/06/2018,3,254.7,0,254.7,0,1,0,26
SOLAR01,15/06/2018,3,0.0,0,0.0,0,1,0,26
SOLAR02,15/06/2018,3,0.0,0,0.0,0,1,0,26
WIND01,15/06/2018,4,398.9,0,398.9,0,1,0,27
WIND02,15/06/2018,4,213.2,0,213.2,0,1,0,27
SOLAR01,15/06/2018,4,0.0,0,0.0,0,1,0,27
SOLAR02,15/06/2018,4,0.0,0,0.0,0,1,0,27
WIND01,15/06/2018,5,415.7,0,415.7,0,1,0,28
WIND02,15/06/2018,5,294.7,0,294.7,0,1,0,28
SOLAR01,15/06/2018,5,0.0,0,0.0,0,1,0,28
SOLAR02,15/06/2018,5,0.0,0,0.0,0,1,0,28
WIND01,15/06/2018,6,376.7,0,376.7,0,1,0,29
WIND02,15/06/2018,6,263.0,0,263.0,0,1,0,29
SOLAR01,15/06/2018,6,0.0,0,0.0,0,1,0,29
SOLAR02,15/06/2018,6,0.0,0,0.0,0,1,0,29
WIND01,15/06/2018,7,327.5,0,327.5,0,1,0,30
WIND02,15/06/2018,7,155.8,0,155.8,0,1,0,30
SOLAR01,15/06/2018,7,0.0,0,0.0,0,1,0,30
SOLAR02,15/06/2018,7,0.0,0,0.0,0,1,0,30
WIND01,15/06/2018,8,318.7,0,318.7,0,1,0,31
WIND02,15/06/2018,8,200.3,0,200.3,0,1,0,31
SOLAR01,15/06/2018,8,18.8,0,18.8,0,1,0,31
SOLAR02,15/06/2018,8,11.8,0,11.8,0,1,0,31
WIND01,15/06/2018,9,270.3,0,270.3,0,1,0,32
WIND02,15/06/2018,9,227.2,0,227.2,0,1,0,32
SOLAR01,15/06/2018,9,80.1,0,80.1,0,1,0,32
SOLAR02,15/06/2018,9,49.7,0,49.7,0,1,0,32
WIND01,15/06/2018,10,333.3,0,333.3,0,1,0,33
WIND02,15/06/2018,10,244.5,0,244.5,0,1,0,33
SOLAR01,15/06/2018,10,163.2,0,163.2,0,1,0,33
SOLAR02,15/06/2018,10,90.5,0,90.5,0,1,0,33
WIND01,15/06/2018,11,326.3,0,326.3,0,1,0,34
WIND02,15/06/2018,11,223.8,0,223.8,0,1,0,34
SOLAR01,15/06/2018,11,306.9,0,306.9,0,1,0,34
SOLAR02,15/06/2018,11,199.2,0,199.2,0,1,0,34
WIND01,15/06/2018,12,421.7,0,421.7,0,1,0,35
WIND02,15/06/2018,12,287.7,0,287.7,0,1,0,35
SOLAR01,15/06/2018,12,415.2,0,415.2,0,1,0,35
SOLAR02,15/06/2018,12,222.4,0,222.4,0,1,0,35
WIND01,15/06/2018,13,456.3,0,456.3,0,1,0,36
WIND02,15/06/2018,13,261.4,0,261.4,0,1,0,36
SOLAR01,15/06/2018,13,425.9,0,425.9,0,1,0,36
SOLAR02,15/06/2018,13,270.4,0,270.4,0,1,0,36
WIND01,15/06/2018,14,366.5,0,366.5,0,1,0,37
WIND02,15/06/2018,14,146.4,0,146.4,0,1,0,37
SOLAR01,15/06/2018,14,528.6,0,528.6,0,1,0,37
SOLAR02,15/06/2018,14,340.1,0,340.1,0,1,0,37
WIND01,15/06/2018,15,382.4,0,382.4,0,1,0,38
WIND02,15/06/2018,15,252.2,0,252.2,0,1,0,38
SOLAR01,15/06/2018,15,576.9,0,576.9,0,1,0,38
SOLAR02,15/06/2018,15,352.2,0,352.2,0,1,0,38
WIND01,15/06/2018,16,365.6,0,365.6,0,1,0,39
WIND02,15/06/2018,16,298.1,0,298.1,0,1,0,39
SOLAR01,15/06/2018,16,608.8,0,608.8,0,1,0,39
SOLAR02,15/06/2018,16,362.0,0,362.0,0,1,0,39
WIND01,15/06/2018,17,387.8,0,387.8,0,1,0,40
WIND02,15/06/2018,17,392.3,0,392.3,0,1,0,40
SOLAR01,15/06/2018,17,527.0,0,527.0,0,1,0,40
SOLAR02,15/06/2018,17,273.0,0,273.0,0,1,0,40
WIND01,15/06/2018,18,324.3,0,324.3,0,1,0,41
WIND02,15/06/2018,18,374.0,0,374.0,0,1,0,41
SOLAR01,15/06/2018,18,370.2,0,370.2,0,1,0,41
SOLAR02,15/06/2018,18,225.5,0,225.5,0,1,0,41
WIND01,15/06/2018,19,353.7,0,353.7,0,1,0,42
WIND02,15/06/2018,19,502.5,0,502.5,0,1,0,42
SOLAR01,15/06/2018,19,238.8,0,238.8,0,1,0,42
SOLAR02,15/06/2018,19,136.0,0,136.0,0,1,0,42
WIND01,15/06/2018,20,229.0,0,229.0,0,1,0,43
WIND02,15/06/2018,20,469.1,0,469.1,0,1,0,43
SOLAR01,15/06/2018,20,79.4,0,79.4,0,1,0,43
SOLAR02,15/06/2018,20,57.4,0,57.4,0,1,0,43
WIND01,15/06/2018,21,264.0,0,264.0,0,1,0,44
WIND02,15/06/2018,21,202.2,0,202.2,0,1,0,44
SOLAR01,15/06/2018,21,10.8,0,10.8,0,1,0,44
SOLAR02,15/06/2018,21,6.6,0,6.6,0,1,0,44
WIND01,15/06/2018,22,227.8,0,227.8,0,1,0,45
WIND02,15/06/2018,22,238.7,0,238.7,0,1,0,45
SOLAR01,15/06/2018,22,0.0,0,0.0,0,1,0,45
SOLAR02,15/06/2018,22,0.0,0,0.0,0,1,0,45
WIND01,15/06/2018,23,235.7,0,235.7,0,1,0,46
WIND02,15/06/2018,23,286.7,0,286.7,0,1,0,46
SOLAR01,15/06/2018,23,0.0,0,0.0,0,1,0,46
SOLAR02,15/06/2018,23,0.0,0,0.0,0,1,0,46
WIND01,15/06/2018,24,204.1,0,204.1,0,1,0,47
WIND02,15/06/2018,24,348.6,0,348.6,0,1,0,47
SOLAR01,15/06/2018,24,0.0,0,0.0,0,1,0,47
SOLAR02,15/06/2018,24,0.0,0,0.0,0,1,0,47
WIND01,16/06/2018,1,196.7,0,196.7,0,1,0,48
WIND02,16/06/2018,1,273.3,0,273.3,0,1,0,48
SOLAR01,16/06/2018,1,0.0,0,0.0,0,1,0,48
SOLAR02,16/06/2018,1,0.0,0,0.0,0,1,0,48
WIND01,16/06/2018,2,124.1,0,124.1,0,1,0,49
WIND02,16/06/2018,2,230.1,0,230.1,0,1,0,49
SOLAR01,16/06/2018,2,0.0,0,0.0,0,1,0,49
SOLAR02,16/06/2018,2,0.0,0,0.0,0,1,0,49
WIND01,16/06/2018,3,209.9,0,209.9,0,1,0,50
WIND02,16/06/2018,3,198.5,0,198.5,0,1,0,50
SOLAR01,16/06/2018,3,0.0,0,0.0,0,1,0,50
SOLAR02,16/06/2018,3,0.0,0,0.0,0,1,0,50
WIND01,16/06/2018,4,178.9,0,178.9,0,1,0,51
WIND02,16/06/2018,4,198.6,0,198.6,0,1,0,51
SOLAR01,16/06/2018,4,0.0,0,0.0,0,1,0,51
SOLAR02,16/06/2018,4,0.0,0,0.0,0,1,0,51
WIND01,16/06/2018,5,301.2,0,301.2,0,1,0,52
WIND02,16/06/2018,5,195.4,0,195.4,0,1,0,52
SOLAR01,16/06/2018,5,0.0,0,0.0,0,1,0,52
SOLAR02,16/06/2018,5,0.0,0,0.0,0,1,0,52
WIND01,16/06/2018,6,272.3,0,272.3,0,1,0,53
WIND02,16/06/2018,6,138.4,0,138.4,0,1,0,53
SOLAR01,16/06/2018,6,0.0,0,0.0,0,1,0,53
SOLAR02,16/06/2018,6,0.0,0,0.0,0,1,0,53
WIND01,16/06/2018,7,210.5,0,210.5,0,1,0,54
WIND02,16/06/2018,7,117.8,0,117.8,0,1,0,54
SOLAR01,16/06/2018,7,0.0,0,0.0,0,1,0,54
SOLAR02,16/06/2018,7,0.0,0,0.0,0,1,0,54
WIND01,16/06/2018,8,157.0,0,157.0,0,1,0,55
WIND02,16/06/2018,8,149.7,0,149.7,0,1,0,55
SOLAR01,16/06/2018,8,14.6,0,14.6,0,1,0,55
SOLAR02,16/06/2018,8,10.4,0,10.4,0,1,0,55
WIND01,16/06/2018,9,113.9,0,113.9,0,1,0,56
WIND02,16/06/2018,9,143.7,0,143.7,0,1,0,56
SOLAR01,16/06/2018,9,75.8,0,75.8,0,1,0,56
SOLAR02,16/06/2018,9,52.6,0,52.6,0,1,0,56
WIND01,16/06/2018,10,143.8,0,143.8,0,1,0,57
WIND02,16/06/2018,10,151.6,0,151.6,0,1,0,57
SOLAR01,16/06/2018,10,147.8,0,147.8,0,1,0,57
SOLAR02,16/06/2018,10,97.9,0,97.9,0,1,0,57
WIND01,16/06/2018,11,192.5,0,192.5,0,1,0,58
WIND02,16/06/2018,11,126.1,0,126.1,0,1,0,58
SOLAR01,16/06/2018,11,282.9,0,282.9,0,1,0,58
SOLAR02,16/06/2018,11,172.0,0,172.0,0,1,0,58
WIND01,16/06/2018,12,142.0,0,142.0,0,1,0,59
WIND02,16/06/2018,12,130.9,0,130.9,0,1,0,59
SOLAR01,16/06/2018,12,419.0,0,419.0,0,1,0,59
SOLAR02,16/06/2018,12,256.2,0,256.2,0,1,0,59
WIND01,16/06/2018,13,156.2,0,156.2,0,1,0,60
WIND02,16/06/2018,13,179.4,0,179.4,0,1,0,60
SOLAR01,16/06/2018,13,483.9,0,483.9,0,1,0,60
SOLAR02,16/06/2018,13,298.0,0,298.0,0,1,0,60
WIND01,16/06/2018,14,250.7,0,250.7,0,1,0,61
WIND02,16/06/2018,14,267.2,0,267.2,0,1,0,61
SOLAR01,16/06/2018,14,496.5,0,496.5,0,1,0,61
SOLAR02,16/06/2018,14,288.8,0,288.8,0,1,0,61
WIND01,16/06/2018,15,404.1,0,404.1,0,1,0,62
WIND02,16/06/2018,15,182.0,0,182.0,0,1,0,62
SOLAR01,16/06/2018,15,472.4,0,472.4,0,1,0,62
SOLAR02,16/06/2018,15,290.1,0,290.1,0,1,0,62
WIND01,16/06/2018,16,547.2,0,547.2,0,1,0,63
WIND02,16/06/2018,16,168.0,0,168.0,0,1,0,63
SOLAR01,16/06/2018,16,339.1,0,339.1,0,1,0,63
SOLAR02,16/06/2018,16,208.7,0,208.7,0,1,0,63
WIND01,16/06/2018,17,462.0,0,462.0,0,1,0,64
WIND02,16/06/2018,17,101.7,0,101.7,0,1,0,64
SOLAR01,16/06/2018,17,356.8,0,356.8,0,1,0,64
SOLAR02,16/06/2018,17,217.5,0,217.5,0,1,0,64
WIND01,16/06/2018,18,353.7,0,353.7,0,1,0,65
WIND02,16/06/2018,18,198.9,0,198.9,0,1,0,65
SOLAR01,16/06/2018,18,321.8,0,321.8,0,1,0,65
SOLAR02,16/06/2018,18,198.8,0,198.8,0,1,0,65
WIND01,16/06/2018,19,379.7,0,379.7,0,1,0,66
WIND02,16/06/2018,19,212.6,0,212.6,0,1,0,66
SOLAR01,16/06/2018,19,265.5,0,265.5,0,1,0,66
SOLAR02,16/06/2018,19,140.5,0,140.5,0,1,0,66
WIND01,16/06/2018,20,332.8,0,332.8,0,1,0,67
WIND02,16/06/2018,20,266.2,0,266.2,0,1,0,67
SOLAR01,16/06/2018,20,77.8,0,77.8,0,1,0,67
SOLAR02,16/06/2018,20,48.6,0,48.6,0,1,0,67
WIND01,16/06/2018,21,349.6,0,349.6,0,1,0,68
WIND02,16/06/2018,21,225.7,0,225.7,0,1,0,68
SOLAR01,16/06/2018,21,11.2,0,11.2,0,1,0,68
SOLAR02,16/06/2018,21,6.1,0,6.1,0,1,0,68
WIND01,16/06/2018,22,354.0,0,354.0,0,1,0,69
WIND02,16/06/2018,22,237.2,0,237.2,0,1,0,69
SOLAR01,16/06/2018,22,0.0,0,0.0,0,1,0,69
SOLAR02,16/06/2018,22,0.0,0,0.0,0,1,0,69
WIND01,16/06/2018,23,261.0,0,261.0,0,1,0,70
WIND02,16/06/2018,23,293.5,0,293.5,0,1,0,70
SOLAR01,16/06/2018,23,0.0,0,0.0,0,1,0,70
SOLAR02,16/06/2018,23,0.0,0,0.0,0,1,0,70
WIND01,16/06/2018,24,290.4,0,290.4,0,1,0,71
WIND02,16/06/2018,24,234.0,0,234.0,0,1,0,71
SOLAR01,16/06/2018,24,0.0,0,0.0,0,1,0,71
SOLAR02,16/06/2018,24,0.0,0,0.0,0,1,0,71
WIND01,17/06/2018,1,189.8,0,189.8,0,1,0,72
WIND02,17/06/2018,1,183.7,0,183.7,0,1,0,72
SOLAR01,17/06/2018,1,0.0,0,0.0,0,1,0,72
SOLAR02,17/06/2018,1,0.0,0,0.0,0,1,0,72
WIND01,17/06/2018,2,246.9,0,246.9,0,1,0,73
WIND02,17/06/2018,2,220.7,0,220.7,0,1,0,73
SOLAR01,17/06/2018,2,0.0,0,0.0,0,1,0,73
SOLAR02,17/06/2018,2,0.0,0,0.0,0,1,0,73
WIND01,17/06/2018,3,238.1,0,238.1,0,1,0,74
WIND02,17/06/2018,3,214.2,0,214.2,0,1,0,74
SOLAR01,17/06/2018,3,0.0,0,0.0,0,1,0,74
SOLAR02,17/06/2018,3,0.0,0,0.0,0,1,0,74
WIND01,17/06/2018,4,273.3,0,273.3,0,1,0,75
WIND02,17/06/2018,4,208.0,0,208.0,0,1,0,75
SOLAR01,17/06/2018,4,0.0,0,0.0,0,1,0,75
SOLAR02,17/06/2018,4,0.0,0,0.0,0,1,0,75
WIND01,17/06/2018,5,185.6,0,185.6,0,1,0,76
WIND02,17/06/2018,5,239.1,0,239.1,0,1,0,76
SOLAR01,17/06/2018,5,0.0,0,0.0,0,1,0,76
SOLAR02,17/06/2018,5,0.0,0,0.0,0,1,0,76
WIND01,17/06/2018,6,234.7,0,234.7,0,1,0,77
WIND02,17/06/2018,6,262.0,0,262.0,0,1,0,77
SOLAR01,17/06/2018,6,0.0,0,0.0,0,1,0,77
SOLAR02,17/06/2018,6,0.0,0,0.0,0,1,0,77
WIND01,17/06/2018,7,146.0,0,146.0,0,1,0,78
WIND02,17/06/2018,7,333.1,0,333.1,0,1,0,78
SOLAR01,17/06/2018,7,0.0,0,0.0,0,1,0,78
SOLAR02,17/06/2018,7,0.0,0,0.0,0,1,0,78
WIND01,17/06/2018,8,269.2,0,269.2,0,1,0,79
WIND02,17/06/2018,8,274.6,0,274.6,0,1,0,79
SOLAR01,17/06/2018,8,14.2,0,14.2,0,1,0,79
SOLAR02,17/06/2018,8,9.7,0,9.7,0,1,0,79
WIND01,17/06/2018,9,308.1,0,308.1,0,1,0,80
WIND02,17/06/2018,9,336.9,0,336.9,0,1,0,80
SOLAR01,17/06/2018,9,116.0,0,116.0,0,1,0,80
SOLAR02,17/06/2018,9,62.7,0,62.7,0,1,0,80
WIND01,17/06/2018,10,344.4,0,344.4,0,1,0,81
WIND02,17/06/2018,10,348.5,0,348.5,0,1,0,81
SOLAR01,17/06/2018,10,272.3,0,272.3,0,1,0,81
SOLAR02,17/06/2018,10,159.6,0,159.6,0,1,0,81
WIND01,17/06/2018,11,367.7,0,367.7,0,1,0,82
WIND02,17/06/2018,11,436.2,0,436.2,0,1,0,82
SOLAR01,17/06/2018,11,368.7,0,368.7,0,1,0,82
SOLAR02,17/06/2018,11,208.5,0,208.5,0,1,0,82
WIND01,17/06/2018,12,423.0,0,423.0,0,1,0,83
WIND02,17/06/2018,12,414.3,0,414.3,0,1,0,83
SOLAR01,17/06/2018,12,471.7,0,471.7,0,1,0,83
SOLAR02,17/06/2018,12,294.2,0,294.2,0,1,0,83
WIND01,17/06/2018,13,420.2,0,420.2,0,1,0,84
WIND02,17/06/2018,13,421.1,0,421.1,0,1,0,84
SOLAR01,17/06/2018,13,439.6,0,439.6,0,1,0,84
SOLAR02,17/06/2018,13,262.1,0,262.1,0,1,0,84
WIND01,17/06/2018,14,491.2,0,491.2,0,1,0,85
WIND02,17/06/2018,14,395.8,0,395.8,0,1,0,85
SOLAR01,17/06/2018,14,456.5,0,456.5,0,1,0,85
SOLAR02,17/06/2018,14,302.8,0,302.8,0,1,0,85
WIND01,17/06/2018,15,495.1,0,495.1,0,1,0,86
WIND02,17/06/2018,15,403.2,0,403.2,0,1,0,86
SOLAR01,17/06/2018,15,455.8,0,455.8,0,1,0,86
SOLAR02,17/06/2018,15,237.9,0,237.9,0,1,0,86
WIND01,17/06/2018,16,500.8,0,500.8,0,1,0,87
WIND02,17/06/2018,16,428.7,0,428.7,0,1,0,87
SOLAR01,17/06/2018,16,433.7,0,433.7,0,1,0,87
SOLAR02,17/06/2018,16,223.0,0,223.0,0,1,0,87
WIND01,17/06/2018,17,481.8,0,481.8,0,1,0,88
WIND02,17/06/2018,17,338.7,0,338.7,0,1,0,88
SOLAR01,17/06/2018,17,428.6,0,428.6,0,1,0,88
SOLAR02,17/06/2018,17,242.0,0,242.0,0,1,0,88
WIND01,17/06/2018,18,606.9,0,606.9,0,1,0,89
WIND02,17/06/2018,18,390.2,0,390.2,0,1,0,89
SOLAR01,17/06/2018,18,215.6,0,215.6,0,1,0,89
SOLAR02,17/06/2018,18,146.9,0,146.9,0,1,0,89
WIND01,17/06/2018,19,575.7,0,575.7,0,1,0,90
WIND02,17/06/2018,19,408.1,0,408.1,0,1,0,90
SOLAR01,17/06/2018,19,196.8,0,196.8,0,1,0,90
SOLAR02,17/06/2018,19,104.4,0,104.4,0,1,0,90
WIND01,17/06/2018,20,618.1,0,618.1,0,1,0,91
WIND02,17/06/2018,20,353.9,0,353.9,0,1,0,91
SOLAR01,17/06/2018,20,86.8,0,86.8,0,1,0,91
SOLAR02,17/06/2018,20,50.1,0,50.1,0,1,0,91
WIND01,17/06/2018,21,488.5,0,488.5,0,1,0,92
WIND02,17/06/2018,21,329.6,0,329.6,0,1,0,92
SOLAR01,17/06/2018,21,13.4,0,13.4,0,1,0,92
SOLAR02,17/06/2018,21,7.8,0,7.8,0,1,0,92
WIND01,17/06/2018,22,431.1,0,431.1,0,1,0,93
WIND02,17/06/2018,22,305.3,0,305.3,0,1,0,93
SOLAR01,17/06/2018,22,0.0,0,0.0,0,1,0,93
SOLAR02,17/06/2018,22,0.0,0,0.0,0,1,0,93
WIND01,17/06/2018,23,320.4,0,320.4,0,1,0,94
WIND02,17/06/2018,23,371.9,0,371.9,0,1,0,94
SOLAR01,17/06/2018,23,0.0,0,0.0,0,1,0,94
SOLAR02,17/06/2018,23,0.0,0,0.0,0,1,0,94
WIND01,17/06/2018,24,181.8,0,181.8,0,1,0,95
WIND02,17/06/2018,24,330.6,0,330.6,0,1,0,95
SOLAR01,17/06/2018,24,0.0,0,0.0,0,1,0,95
SOLAR02,17/06/2018,24,0.0,0,0.0,0,1,0,95
WIND01,18/06/2018,1,148.6,0,148.6,0,1,0,96
WIND02,18/06/2018,1,352.9,0,352.9,0,1,0,96
SOLAR01,18/06/2018,1,0.0,0,0.0,0,1,0,96
SOLAR02,18/06/2018,1,0.0,0,0.0,0,1,0,96
WIND01,18/06/2018,2,84.1,0,84.1,0,1,0,97
WIND02,18/06/2018,2,374.5,0,374.5,0,1,0,97
SOLAR01,18/06/2018,2,0.0,0,0.0,0,1,0,97
SOLAR02,18/06/2018,2,0.0,0,0.0,0,1,0,97
WIND01,18/06/2018,3,17.9,0,17.9,0,1,0,98
WIND02,18/06/2018,3,317.0,0,317.0,0,1,0,98
SOLAR01,18/06/2018,3,0.0,0,0.0,0,1,0,98
SOLAR02,18/06/2018,3,0.0,0,0.0,0,1,0,98
WIND01,18/06/2018,4,10.6,0,10.6,0,1,0,99
WIND02,18/06/2018,4,342.3,0,342.3,0,1,0,99
SOLAR01,18/06/2018,4,0.0,0,0.0,0,1,0,99
SOLAR02,18/06/2018,4,0.0,0,0.0,0,1,0,99
WIND01,18/06/2018,5,0.7,0,0.7,0,1,0,100
WIND02,18/06/2018,5,244.6,0,244.6,0,1,0,100
SOLAR01,18/06/2018,5,0.0,0,0.0,0,1,0,100
SOLAR02,18/06/2018,5,0.0,0,0.0,0,1,0,100
WIND01,18/06/2018,6,0.0,0,0.0,0,1,0,101
WIND02,18/06/2018,6,178.2,0,178.2,0,1,0,101
SOLAR01,18/06/2018,6,0.0,0,0.0,0,1,0,101
SOLAR02,18/06/2018,6,0.0,0,0.0,0,1,0,101
WIND01,18/06/2018,7,1.5,0,1.5,0,1,0,102
WIND02,18/06/2018,7,339.4,0,339.4,0,1,0,102
SOLAR01,18/06/2018,7,0.0,0,0.0,0,1,0,102
SOLAR02,18/06/2018,7,0.0,0,0.0,0,1,0,102
WIND01,18/06/2018,8,8.2,0,8.2,0,1,0,103
WIND02,18/06/2018,8,257.7,0,257.7,0,1,0,103
SOLAR01,18/06/2018,8,16.0,0,16.0,0,1,0,103
SOLAR02,18/06/2018,8,10.9,0,10.9,0,1,0,103
WIND01,18/06/2018,9,11.3,0,11.3,0,1,0,104
WIND02,18/06/2018,9,269.2,0,269.2,0,1,0,104
SOLAR01,18/06/2018,9,117.8,0,117.8,0,1,0,104
SOLAR02,18/06/2018,9,74.9,0,74.9,0,1,0,104
WIND01,18/06/2018,10,108.6,0,108.6,0,1,0,105
WIND02,18/06/2018,10,319.6,0,319.6,0,1,0,105
SOLAR01,18/06/2018,10,228.2,0,228.2,0,1,0,105
SOLAR02,18/06/2018,10,117.7,0,117.7,0,1,0,105
WIND01,18/06/2018,11,169.0,0,169.0,0,1,0,106
WIND02,18/06/2018,11,324.7,0,324.7,0,1,0,106
SOLAR01,18/06/2018,11,339.4,0,339.4,0,1,0,106
SOLAR02,18/06/2018,11,193.6,0,193.6,0,1,0,106
WIND01,18/06/2018,12,291.2,0,291.2,0,1,0,107
WIND02,18/06/2018,12,315.0,0,315.0,0,1,0,107
SOLAR01,18/06/2018,12,315.2,0,315.2,0,1,0,107
SOLAR02,18/06/2018,12,223.1,0,223.1,0,1,0,107
WIND01,18/06/2018,13,343.1,0,343.1,0,1,0,108
WIND02,18/06/2018,13,297.5,0,297.5,0,1,0,108
SOLAR01,18/06/2018,13,465.1,0,465.1,0,1,0,108
SOLAR02,18/06/2018,13,302.7,0,302.7,0,1,0,108
WIND01,18/06/2018,14,344.1,0,344.1,0,1,0,109
WIND02,18/06/2018,14,303.2,0,303.2,0,1,0,109
SOLAR01,18/06/2018,14,575.0,0,575.0,0,1,0,109
SOLAR02,18/06/2018,14,350.4,0,350.4,0,1,0,109
WIND01,18/06/2018,15,333.1,0,333.1,0,1,0,110
WIND02,18/06/2018,15,346.5,0,346.5,0,1,0,110
SOLAR01,18/06/2018,15,567.6,0,567.6,0,1,0,110
SOLAR02,18/06/2018,15,388.8,0,388.8,0,1,0,110
WIND01,18/06/2018,16,511.4,0,511.4,0,1,0,111
WIND02,18/06/2018,16,285.0,0,285.0,0,1,0,111
SOLAR01,18/06/2018,16,653.6,0,653.6,0,1,0,111
SOLAR02,18/06/2018,16,322.1,0,322.1,0,1,0,111
WIND01,18/06/2018,17,496.9,0,496.9,0,1,0,112
WIND02,18/06/2018,17,385.8,0,385.8,0,1,0,112
SOLAR01,18/06/2018,17,542.6,0,542.6,0,1,0,112
SOLAR02,18/06/2018,17,286.0,0,286.0,0,1,0,112
WIND01,18/06/2018,18,517.5,0,517.5,0,1,0,113
WIND02,18/06/2018,18,396.4,0,396.4,0,1,0,113
SOLAR01,18/06/2018,18,423.1,0,423.1,0,1,0,113
SOLAR02,18/06/2018,18,256.5,0,256.5,0,1,0,113
WIND01,18/06/2018,19,550.0,0,550.0,0,1,0,114
WIND02,18/06/2018,19,365.2,0,365.2,0,1,0,114
SOLAR01,18/06/2018,19,264.8,0,264.8,0,1,0,114
SOLAR02,18/06/2018,19,152.7,0,152.7,0,1,0,114
WIND01,18/06/2018,20,554.8,0,554.8,0,1,0,115
WIND02,18/06/2018,20,375.2,0,375.2,0,1,0,115
SOLAR01,18/06/2018,20,105.2,0,105.2,0,1,0,115
SOLAR02,18/06/2018,20,59.2,0,59.2,0,1,0,115
WIND01,18/06/2018,21,411.7,0,411.7,0,1,0,116
WIND02,18/06/2018,21,347.3,0,347.3,0,1,0,116
SOLAR01,18/06/2018,21,11.1,0,11.1,0,1,0,116
SOLAR02,18/06/2018,21,6.4,0,6.4,0,1,0,116
WIND01,18/06/2018,22,319.3,0,319.3,0,1,0,117
WIND02,18/06/2018,22,436.0,0,436.0,0,1,0,117
SOLAR01,18/06/2018,22,0.0,0,0.0,0,1,0,117
SOLAR02,18/06/2018,22,0.0,0,0.0,0,1,0,117
WIND01,18/06/2018,23,160.4,0,160.4,0,1,0,118
WIND02,18/06/2018,23,441.1,0,441.1,0,1,0,118
SOLAR01,18/06/2018,23,0.0,0,0.0,0,1,0,118
SOLAR02,18/06/2018,23,0.0,0,0.0,0,1,0,118
WIND01,18/06/2018,24,45.0,0,45.0,0,1,0,119
WIND02,18/06/2018,24,354.6,0,354.6,0,1,0,119
SOLAR01,18/06/2018,24,0.0,0,0.0,0,1,0,119
SOLAR02,18/06/2018,24,0.0,0,0.0,0,1,0,119
WIND01,19/06/2018,1,13.9,0,13.9,0,1,0,120
WIND02,19/06/2018,1,486.1,0,486.1,0,1,0,120
SOLAR01,19/06/2018,1,0.0,0,0.0,0,1,0,120
SOLAR02,19/06/2018,1,0.0,0,0.0,0,1,0,120
WIND01,19/06/2018,2,4.7,0,4.7,0,1,0,121
WIND02,19/06/2018,2,486.2,0,486.2,0,1,0,121
SOLAR01,19/06/2018,2,0.0,0,0.0,0,1,0,121
SOLAR02,19/06/2018,2,0.0,0,0.0,0,1,0,121
WIND01,19/06/2018,3,3.5,0,3.5,0,1,0,122
WIND02,19/06/2018,3,392.4,0,392.4,0,1,0,122
SOLAR01,19/06/2018,3,0.0,0,0.0,0,1,0,122
SOLAR02,19/06/2018,3,0.0,0,0.0,0,1,0,122
WIND01,19/06/2018,4,14.4,0,14.4,0,1,0,123
WIND02,19/06/2018,4,371.2,0,371.2,0,1,0,123
SOLAR01,19/06/2018,4,0.0,0,0.0,0,1,0,123
SOLAR02,19/06/2018,4,0.0,0,0.0,0,1,0,123
WIND01,19/06/2018,5,87.2,0,87.2,0,1,0,124
WIND02,19/06/2018,5,321.0,0,321.0,0,1,0,124
SOLAR01,19/06/2018,5,0.0,0,0.0,0,1,0,124
SOLAR02,19/06/2018,5,0.0,0,0.0,0,1,0,124
WIND01,19/06/2018,6,146.9,0,146.9,0,1,0,125
WIND02,19/06/2018,6,244.0,0,244.0,0,1,0,125
SOLAR01,19/06/2018,6,0.0,0,0.0,0,1,0,125
SOLAR02,19/06/2018,6,0.0,0,0.0,0,1,0,125
WIND01,19/06/2018,7,152.7,0,152.7,0,1,0,126
WIND02,19/06/2018,7,178.8,0,178.8,0,1,0,126
SOLAR01,19/06/2018,7,0.0,0,0.0,0,1,0,126
SOLAR02,19/06/2018,7,0.0,0,0.0,0,1,0,126
WIND01,19/06/2018,8,173.9,0,173.9,0,1,0,127
WIND02,19/06/2018,8,186.9,0,186.9,0,1,0,127
SOLAR01,19/06/2018,8,16.0,0,16.0,0,1,0,127
SOLAR02,19/06/2018,8,10.7,0,10.7,0,1,0,127
WIND01,19/06/2018,9,238.1,0,238.1,0,1,0,128
WIND02,19/06/2018,9,155.5,0,155.5,0,1,0,128
SOLAR01,19/06/2018,9,104.9,0,104.9,0,1,0,128
SOLAR02,19/06/2018,9,76.5,0,76.5,0,1,0,128
WIND01,19/06/2018,10,324.3,0,324.3,0,1,0,129
WIND02,19/06/2018,10,207.4,0,207.4,0,1,0,129
SOLAR01,19/06/2018,10,250.1,0,250.1,0,1,0,129
SOLAR02,19/06/2018,10,172.4,0,172.4,0,1,0,129
WIND01,19/06/2018,11,417.1,0,417.1,0,1,0,130
WIND02,19/06/2018,11,181.1,0,181.1,0,1,0,130
SOLAR01,19/06/2018,11,383.2,0,383.2,0,1,0,130
SOLAR02,19/06/2018,11,261.7,0,261.7,0,1,0,130
WIND01,19/06/2018,12,496.0,0,496.0,0,1,0,131
WIND02,19/06/2018,12,198.7,0,198.7,0,1,0,131
SOLAR01,19/06/2018,12,512.7,0,512.7,0,1,0,131
SOLAR02,19/06/2018,12,307.6,0,307.6,0,1,0,131
WIND01,19/06/2018,13,502.6,0,502.6,0,1,0,132
WIND02,19/06/2018,13,169.5,0,169.5,0,1,0,132
SOLAR01,19/06/2018,13,672.9,0,672.9,0,1,0,132
SOLAR02,19/06/2018,13,401.2,0,401.2,0,1,0,132
WIND01,19/06/2018,14,409.2,0,409.2,0,1,0,133
WIND02,19/06/2018,14,185.8,0,185.8,0,1,0,133
SOLAR01,19/06/2018,14,587.9,0,587.9,0,1,0,133
SOLAR02,19/06/2018,14,362.2,0,362.2,0,1,0,133
WIND01,19/06/2018,15,429.7,0,429.7,0,1,0,134
WIND02,19/06/2018,15,189.9,0,189.9,0,1,0,134
SOLAR01,19/06/2018,15,682.3,0,682.3,0,1,0,134
SOLAR02,19/06/2018,15,365.4,0,365.4,0,1,0,134
WIND01,19/06/2018,16,485.1,0,485.1,0,1,0,135
WIND02,19/06/2018,16,199.5,0,199.5,0,1,0,135
SOLAR01,19/06/2018,16,571.8,0,571.8,0,1,0,135
SOLAR02,19/06/2018,16,388.9,0,388.9,0,1,0,135
WIND01,19/06/2018,17,476.0,0,476.0,0,1,0,136
WIND02,19/06/2018,17,109.4,0,109.4,0,1,0,136
SOLAR01,19/06/2018,17,505.0,0,505.0,0,1,0,136
SOLAR02,19/06/2018,17,283.7,0,283.7,0,1,0,136
WIND01,19/06/2018,18,553.6,0,553.6,0,1,0,137
WIND02,19/06/2018,18,111.6,0,111.6,0,1,0,137
SOLAR01,19/06/2018,18,365.6,0,365.6,0,1,0,137
SOLAR02,19/06/2018,18,237.6,0,237.6,0,1,0,137
WIND01,19/06/2018,19,475.8,0,475.8,0,1,0,138
WIND02,19/06/2018,19,175.2,0,175.2,0,1,0,138
SOLAR01,19/06/2018,19,237.1,0,237.1,0,1,0,138
SOLAR02,19/06/2018,19,143.4,0,143.4,0,1,0,138
WIND01,19/06/2018,20,423.7,0,423.7,0,1,0,139
WIND02,19/06/2018,20,216.2,0,216.2,0,1,0,139
SOLAR01,19/06/2018,20,96.8,0,96.8,0,1,0,139
SOLAR02,19/06/2018,20,59.6,0,59.6,0,1,0,139
WIND01,19/06/2018,21,444.5,0,444.5,0,1,0,140
WIND02,19/06/2018,21,333.7,0,333.7,0,1,0,140
SOLAR01,19/06/2018,21,11.6,0,11.6,0,1,0,140
SOLAR02,19/06/2018,21,6.4,0,6.4,0,1,0,140
WIND01,19/06/2018,22,383.5,0,383.5,0,1,0,141
WIND02,19/06/2018,22,370.8,0,370.8,0,1,0,141
SOLAR01,19/06/2018,22,0.0,0,0.0,0,1,0,141
SOLAR02,19/06/2018,22,0.0,0,0.0,0,1,0,141
WIND01,19/06/2018,23,343.6,0,343.6,0,1,0,142
WIND02,19/06/2018,23,342.9,0,342.9,0,1,0,142
SOLAR01,19/06/2018,23,0.0,0,0.0,0,1,0,142
SOLAR02,19/06/2018,23,0.0,0,0.0,0,1,0,142
WIND01,19/06/2018,24,419.4,0,419.4,0,1,0,143
WIND02,19/06/2018,24,371.1,0,371.1,0,1,0,143
SOLAR01,19/06/2018,24,0.0,0,0.0,0,1,0,143
SOLAR02,19/06/2018,24,0.0,0,0.0,0,1,0,143
WIND01,20/06/2018,1,422.5,0,422.5,0,1,0,144
WIND02,20/06/2018,1,356.0,0,356.0,0,1,0,144
SOLAR01,20/06/2018,1,0.0,0,0.0,0,1,0,144
SOLAR02,20/06/2018,1,0.0,0,0.0,0,1,0,144
WIND01,20/06/2018,2,472.9,0,472.9,0,1,0,145
WIND02,20/06/2018,2,345.6,0,345.6,0,1,0,145
SOLAR01,20/06/2018,2,0.0,0,0.0,0,1,0,145
SOLAR02,20/06/2018,2,0.0,0,0.0,0,1,0,145
WIND01,20/06/2018,3,415.8,0,415.8,0,1,0,146
WIND02,20/06/2018,3,483.5,0,483.5,0,1,0,146
SOLAR01,20/06/2018,3,0.0,0,0.0,0,1,0,146
SOLAR02,20/06/2018,3,0.0,0,0.0,0,1,0,146
WIND01,20/06/2018,4,482.5,0,482.5,0,1,0,147
WIND02,20/06/2018,4,432.2,0,432.2,0,1,0,147
SOLAR01,20/06/2018,4,0.0,0,0.0,0,1,0,147
SOLAR02,20/06/2018,4,0.0,0,0.0,0,1,0,147
WIND01,20/06/2018,5,388.4,0,388.4,0,1,0,148
WIND02,20/06/2018,5,441.0,0,441.0,0,1,0,148
SOLAR01,20/06/2018,5,0.0,0,0.0,0,1,0,148
SOLAR02,20/06/2018,5,0.0,0,0.0,0,1,0,148
WIND01,20/06/2018,6,329.4,0,329.4,0,1,0,149
WIND02,20/06/2018,6,446.9,0,446.9,0,1,0,149
SOLAR01,20/06/2018,6,0.0,0,0.0,0,1,0,149
SOLAR02,20/06/2018,6,0.0,0,0.0,0,1,0,149
WIND01,20/06/2018,7,238.9,0,238.9,0,1,0,150
WIND02,20/06/2018,7,494.8,0,494.8,0,1,0,150
SOLAR01,20/06/2018,7,0.0,0,0.0,0,1,0,150
SOLAR02,20/06/2018,7,0.0,0,0.0,0,1,0,150
WIND01,20/06/2018,8,330.4,0,330.4,0,1,0,151
WIND02,20/06/2018,8,445.1,0,445.1,0,1,0,151
SOLAR01,20/06/2018,8,15.6,0,15.6,0,1,0,151
SOLAR02,20/06/2018,8,10.3,0,10.3,0,1,0,151
WIND01,20/06/2018,9,322.6,0,322.6,0,1,0,152
WIND02,20/06/2018,9,504.3,0,504.3,0,1,0,152
SOLAR01,20/06/2018,9,103.1,0,103.1,0,1,0,152
SOLAR02,20/06/2018,9,72.9,0,72.9,0,1,0,152
WIND01,20/06/2018,10,434.7,0,434.7,0,1,0,153
WIND02,20/06/2018,10,475.2,0,475.2,0,1,0,153
SOLAR01,20/06/2018,10,249.6,0,249.6,0,1,0,153
SOLAR02,20/06/2018,10,172.0,0,172.0,0,1,0,153
WIND01,20/06/2018,11,396.8,0,396.8,0,1,0,154
WIND02,20/06/2018,11,413.6,0,413.6,0,1,0,154
SOLAR01,20/06/2018,11,436.0,0,436.0,0,1,0,154
SOLAR02,20/06/2018,11,237.2,0,237.2,0,1,0,154
WIND01,20/06/2018,12,461.2,0,461.2,0,1,0,155
WIND02,20/06/2018,12,386.7,0,386.7,0,1,0,155
SOLAR01,20/06/2018,12,533.1,0,533.1,0,1,0,155
SOLAR02,20/06/2018,12,325.3,0,325.3,0,1,0,155
WIND01,20/06/2018,13,510.8,0,510.8,0,1,0,156
WIND02,20/06/2018,13,293.6,0,293.6,0,1,0,156
SOLAR01,20/06/2018,13,631.5,0,631.5,0,1,0,156
SOLAR02,20/06/2018,13,349.5,0,349.5,0,1,0,156
WIND01,20/06/2018,14,426.0,0,426.0,0,1,0,157
WIND02,20/06/2018,14,350.2,0,350.2,0,1,0,157
SOLAR01,20/06/2018,14,678.3,0,678.3,0,1,0,157
SOLAR02,20/06/2018,14,417.8,0,417.8,0,1,0,157
WIND01,20/06/2018,15,515.9,0,515.9,0,1,0,158
WIND02,20/06/2018,15,349.4,0,349.4,0,1,0,158
SOLAR01,20/06/2018,15,580.5,0,580.5,0,1,0,158
SOLAR02,20/06/2018,15,372.3,0,372.3,0,1,0,158
WIND01,20/06/2018,16,519.9,0,519.9,0,1,0,159
WIND02,20/06/2018,16,340.4,0,340.4,0,1,0,159
SOLAR01,20/06/2018,16,563.4,0,563.4,0,1,0,159
SOLAR02,20/06/2018,16,338.8,0,338.8,0,1,0,159
WIND01,20/06/2018,17,479.4,0,479.4,0,1,0,160
WIND02,20/06/2018,17,385.3,0,385.3,0,1,0,160
SOLAR01,20/06/2018,17,505.6,0,505.6,0,1,0,160
SOLAR02,20/06/2018,17,311.4,0,311.4,0,1,0,160
WIND01,20/06/2018,18,536.2,0,536.2,0,1,0,161
WIND02,20/06/2018,18,384.7,0,384.7,0,1,0,161
SOLAR01,20/06/2018,18,427.0,0,427.0,0,1,0,161
SOLAR02,20/06/2018,18,257.7,0,257.7,0,1,0,161
WIND01,20/06/2018,19,544.3,0,544.3,0,1,0,162
WIND02,20/06/2018,19,422.8,0,422.8,0,1,0,162
SOLAR01,20/06/2018,19,260.2,0,260.2,0,1,0,162
SOLAR02,20/06/2018,19,143.6,0,143.6,0,1,0,162
WIND01,20/06/2018,20,551.9,0,551.9,0,1,0,163
WIND02,20/06/2018,20,399.2,0,399.2,0,1,0,163
SOLAR01,20/06/2018,20,101.6,0,101.6,0,1,0,163
SOLAR02,20/06/2018,20,60.5,0,60.5,0,1,0,163
WIND01,20/06/2018,21,441.4,0,441.4,0,1,0,164
WIND02,20/06/2018,21,440.5,0,440.5,0,1,0,164
SOLAR01,20/06/2018,21,10.8,0,10.8,0,1,0,164
SOLAR02,20/06/2018,21,5.3,0,5.3,0,1,0,164
WIND01,20/06/2018,22,249.1,0,249.1,0,1,0,165
WIND02,20/06/2018,22,486.2,0,486.2,0,1,0,165
SOLAR01,20/06/2018,22,0.0,0,0.0,0,1,0,165
SOLAR02,20/06/2018,22,0.0,0,0.0,0,1,0,165
WIND01,20/06/2018,23,346.7,0,346.7,0,1,0,166
WIND02,20/06/2018,23,410.5,0,410.5,0,1,0,166
SOLAR01,20/06/2018,23,0.0,0,0.0,0,1,0,166
SOLAR02,20/06/2018,23,0.0,0,0.0,0,1,0,166
WIND01,20/06/2018,24,486.8,0,486.8,0,1,0,167
WIND02,20/06/2018,24,372.0,0,372.0,0,1,0,167
SOLAR01,20/06/2018,24,0.0,0,0.0,0,1,0,167
SOLAR02,20/06/2018,24,0.0,0,0.0,0,1,0,167
