11608.200000000004,0,2714.999999999999,2236.100000000001,1,D,11170.4,437.8,23192868.0
10491.8,1,2553.400000000001,1728.999999999998,1,D,9976.8,515.0,23192868.0
9808.1,2,2661.9999999999986,1658.8000000000006,1,D,9218.6,589.5,23192868.0
8791.999999999998,3,2983.0000000000014,879.3999999999985,1,D,8011.1,780.9000000000002,23192868.0
8710.3,4,3025.9,906.1000000000008,1,D,7988.299999999998,722.0,23192868.0
10271.899999999998,5,2468.400000000001,1999.9999999999984,1,D,9640.7,631.2,23192868.0
9437.2,6,2469.2999999999993,1663.400000000001,1,D,8905.7,531.5,23192868.0
12064.700000000004,7,3081.9999999999964,2388.200000000003,1,D,11234.4,830.3,23192868.0
14402.899999999998,8,4934.200000000004,2998.5999999999976,1,D,13424.2,978.7,23192868.0
13639.400000000005,9,5003.599999999997,2660.2000000000025,1,D,12579.1,1060.3,23192868.0
15008.800000000005,10,5039.2,3332.700000000001,1,D,13635.4,1373.4,23192868.0
14925.2,11,4856.0999999999985,3547.3,1,D,13491.8,1433.4,23192868.0
15726.600000000002,12,5022.099999999997,3979.3,1,D,14029.9,1696.6999999999996,23192868.0
15569.4,13,4880.600000000002,3313.2999999999993,1,D,13875.6,1693.8,23192868.0
13756.0,14,4904.500000000002,2145.9,1,D,12012.9,1743.1,23192868.0
13579.999999999998,15,4956.299999999998,2367.2,1,D,11882.8,1697.2,23192868.0
13258.600000000002,16,4890.899999999996,1753.6000000000022,1,D,11613.099999999995,1645.5,23192868.0
13538.8,17,4807.100000000003,1976.1999999999994,1,D,12347.3,1191.5,23192868.0
15783.0,18,4851.300000000001,3965.7,1,D,14528.2,1254.8000000000004,23192868.0
15140.899999999998,19,4962.500000000003,3640.0999999999976,1,D,14175.5,965.4,23192868.0
14292.9,20,4983.0999999999985,2565.9,1,D,13315.499999999998,977.4,23192868.0
16720.399999999998,21,4831.5999999999985,4019.3999999999987,1,D,15745.3,975.1,23192868.0
13967.8,22,4873.9,2580.5,1,D,13150.1,817.7,23192868.0
12046.6,23,4801.100000000002,1156.2999999999995,1,D,11206.5,840.1,23192868.0
11448.8,24,2581.999999999999,2610.7000000000007,2,D,10761.40000000004,687.4,23319288.0
10636.3,25,2672.600000000001,2105.699999999999,2,D,9911.6,724.7,23319288.0
9212.1,26,2880.8999999999987,1381.1000000000006,2,D,8612.2,599.9,23319288.0
9931.6,27,2644.999999999999,2038.5000000000007,2,D,9319.5,612.0999999999998,23319288.0
8770.399999999998,28,3012.6000000000013,1067.8999999999983,2,D,8060.000000000001,710.4,23319288.0
10105.1,29,2665.4,2444.5000000000005,2,D,9465.400000000038,639.7,23319288.0
9492.6,30,2934.0,1513.7999999999995,2,D,9009.3,483.3,23319288.0
10761.299999999996,31,2491.0000000000005,1881.0999999999985,2,D,10211.7,549.6,23319288.0
14557.0,32,4812.200000000002,2903.4000000000005,2,D,13929.7,627.3,23319288.0
15076.899999999998,33,4802.700000000002,2974.3,2,D,14245.4,831.5,23319288.0
14787.099999999995,34,4856.000000000001,3477.8999999999987,2,D,13730.9,1056.2,23319288.0
13506.100000000004,35,4946.700000000002,2706.5999999999995,2,D,12159.1,1347.0,23319288.0
15166.3,36,4910.299999999998,3421.9000000000005,2,D,13752.3,1414.0,23319288.0
15856.2,37,4859.5999999999985,4595.3,2,D,14474.6,1381.6,23319288.0
14947.5,38,4839.200000000002,3677.699999999998,2,D,13383.800000000005,1563.7,23319288.0
14093.9,39,5121.300000000001,3168.9,2,D,12459.4,1634.5,23319288.0
12656.8,40,4810.700000000002,1879.7999999999984,2,D,11393.2,1263.6,23319288.0
14389.7,41,4800.800000000002,2480.2000000000007,2,D,13095.7,1294.0,23319288.0
15536.100000000004,42,5029.800000000001,3114.4999999999986,2,D,14305.1,1231.0,23319288.0
14524.299999999996,43,5269.899999999997,2430.800000000001,2,D,13689.399999999998,834.9000000000002,23319288.0
13885.399999999996,44,5499.000000000003,2081.4,2,D,13401.8,483.6,23319288.0
15755.1,45,4862.100000000002,3486.1000000000013,2,D,15288.600000000002,466.5,23319288.0
13328.1,46,4889.4000000000015,2025.3999999999994,2,D,12805.7,522.4,23319288.0
11852.8,47,5049.300000000001,2056.2,2,D,11300.1,552.7,23319288.0
11120.399999999998,48,3064.300000000002,1686.4999999999984,3,D,10650.4,470.0,23583102.0
11553.9,49,2509.000000000001,1825.2999999999995,3,D,11199.7,354.2,23583102.0
10840.100000000002,50,2976.300000000001,1758.6999999999994,3,D,10431.700000000004,408.4,23583102.0
8964.799999999997,51,2546.300000000001,1153.2999999999995,3,D,8587.300000000001,377.5,23583102.0
8623.5,52,2726.3999999999983,1081.7000000000012,3,D,8126.899999999998,496.6,23583102.0
10335.7,53,2460.499999999997,2169.4000000000024,3,D,9925.0,410.7000000000001,23583102.0
9677.2,54,2812.8999999999987,1573.0000000000011,3,D,9348.9,328.3,23583102.0
9765.6,55,2414.600000000001,1693.5999999999995,3,D,9433.9,331.7,23583102.0
12120.8,56,4855.699999999999,974.6,3,D,11734.80000000014,386.0,23583102.0
14711.6,57,4823.199999999999,2751.6000000000013,3,D,14170.500000000147,541.1,23583102.0
14925.0,58,5022.199999999996,3015.700000000001,3,D,14151.5,773.5,23583102.0
13685.399999999996,59,4801.4000000000015,1432.3999999999976,3,D,12737.300000000005,948.1,23583102.0
15072.7,60,4832.399999999998,2721.400000000001,3,D,13955.2,1117.5,23583102.0
14269.600000000002,61,4838.999999999998,2474.600000000002,3,D,12966.399999999998,1303.2,23583102.0
13260.100000000002,62,4886.299999999998,1913.3999999999994,3,D,11911.5,1348.6,23583102.0
12862.899999999996,63,4987.600000000001,1783.4999999999975,3,D,11599.9,1263.0,23583102.0
14418.6,64,5103.299999999998,3127.9000000000005,3,D,13280.6,1138.0,23583102.0
15542.800000000005,65,4876.999999999997,3794.500000000004,3,D,14469.6,1073.2,23583102.0
14127.1,66,5482.200000000004,2519.199999999998,3,D,13128.8,998.3,23583102.0
16268.899999999998,67,5038.200000000004,4327.7999999999965,3,D,15543.500000000002,725.4000000000002,23583102.0
14203.000000000002,68,4875.5999999999985,2716.6,3,D,13610.4,592.6,23583102.0
15113.399999999998,69,4898.7,3062.1,3,D,14522.200000000004,591.2,23583102.0
14059.8,70,4804.7,2312.2,3,D,13505.3,554.5,23583102.0
13593.199999999995,71,4815.000000000002,2349.6999999999985,3,D,13068.799999999996,524.4,23583102.0
12065.2,72,2547.2999999999984,2378.1000000000017,4,D,11691.7,373.5,21884727.0
10357.3,73,2546.899999999999,1512.7999999999995,4,D,9889.7,467.6,21884727.0
9616.499999999998,74,2513.800000000001,1447.6999999999982,4,D,9164.2,452.3,21884727.0
8796.800000000001,75,3311.8999999999987,1306.3000000000004,4,D,8315.5,481.3,21884727.0
10327.6,76,2637.9,1969.6000000000006,4,D,9902.899999999998,424.7,21884727.0
10006.1,77,2518.7,1826.2000000000005,4,D,9509.4,496.7,21884727.0
9445.2,78,2516.599999999999,1879.9000000000012,4,D,8966.10000000003,479.1,21884727.0
10435.2,79,2916.700000000001,2267.9,4,D,9867.50000000003,567.7,21884727.0
12528.299999999996,80,4999.9000000000015,2238.199999999999,4,D,11704.6,823.7,21884727.0
12441.8,81,4910.499999999997,2149.1,4,D,11317.0,1124.8,21884727.0
12688.8,82,4882.4,2641.7999999999984,4,D,11307.7,1381.1,21884727.0
12463.8,83,4978.0999999999985,2437.4999999999995,4,D,10860.6,1603.2,21884727.0
14198.1,84,5281.9000000000015,3538.499999999998,4,D,12655.100000000002,1543.0,21884727.0
13650.899999999998,85,4815.9000000000015,3528.899999999997,4,D,12004.6,1646.3,21884727.0
13379.6,86,5002.9,3041.800000000001,4,D,11787.6,1592.0000000000002,21884727.0
11619.000000000002,87,5260.9000000000015,2381.2000000000016,4,D,10032.8,1586.2,21884727.0
12433.200000000004,88,4813.399999999998,3160.9000000000037,4,D,10942.1,1491.1,21884727.0
12269.4,89,4867.6,2524.7000000000007,4,D,10909.8,1359.6,21884727.0
14471.700000000004,90,4852.3,3551.0999999999995,4,D,13186.7,1285.0,21884727.0
15428.799999999996,91,4882.800000000004,3879.599999999999,4,D,14319.9,1108.9,21884727.0
14156.099999999995,92,4909.000000000002,2727.799999999997,4,D,13316.799999999996,839.3,21884727.0
16045.9,93,4938.0999999999985,3300.7000000000025,4,D,15309.500000000002,736.4000000000002,21884727.0
13868.7,94,4809.0999999999985,2382.800000000001,4,D,13176.4,692.3,21884727.0
13110.9,95,5051.200000000002,2533.8,4,D,12598.5,512.4000000000002,21884727.0
11973.0,96,2636.0999999999995,2492.600000000001,5,D,11471.50000000047,501.5,24031820.0
9132.0,97,2515.7000000000007,1188.3000000000004,5,D,8673.4,458.6,24031820.0
9247.5,98,2560.600000000001,1429.9999999999993,5,D,8912.6,334.9,24031820.0
10137.000000000002,99,2935.2,1632.8000000000006,5,D,9784.099999999948,352.9000000000001,24031820.0
10270.6,100,2460.2000000000007,1740.3999999999994,5,D,10025.300000001083,245.3,24031820.0
8786.5,101,3741.1,309.5999999999999,5,D,8608.300000001247,178.2,24031820.0
10909.3,102,2437.3,1717.1,5,D,10568.399999999794,340.9,24031820.0
12066.6,103,2435.000000000001,2435.4,5,D,11773.799999999834,292.7999999999999,24031820.0
13551.299999999996,104,4939.5,2472.9999999999995,5,D,13078.1,473.2,24031820.0
14490.100000000002,105,4805.899999999999,2963.4,5,D,13716.000000000002,774.1,24031820.0
13397.8,106,5806.0999999999985,2426.5999999999985,5,D,12371.100000000002,1026.7,24031820.0
13933.7,107,4801.199999999999,2671.1999999999994,5,D,12789.2,1144.5,24031820.0
14628.7,108,4814.099999999997,3682.0000000000014,5,D,13220.299999999996,1408.4,24031820.0
16552.899999999998,109,4830.700000000002,4421.9,5,D,14980.2,1572.7,24031820.0
14563.700000000004,110,5627.599999999998,3150.6000000000026,5,D,12927.7,1636.0,24031820.0
15803.2,111,4819.9000000000015,4136.4,5,D,14031.1,1772.1,24031820.0
14977.099999999995,112,5017.5,3673.8999999999987,5,D,13265.799999999996,1711.3,24031820.0
14142.200000000004,113,5940.800000000002,2622.2000000000016,5,D,12548.7,1593.5,24031820.0
16389.000000000004,114,5458.5,4388.200000000004,5,D,15056.299999999996,1332.7,24031820.0
14735.100000000004,115,4901.499999999997,3220.300000000002,5,D,13640.7,1094.4,24031820.0
15919.4,116,4873.999999999999,3618.2,5,D,15142.9,776.5,24031820.0
15147.200000000004,117,5221.699999999997,3041.300000000002,5,D,14391.9,755.3,24031820.0
15045.499999999998,118,5000.199999999999,3068.300000000001,5,D,14443.999999999998,601.5,24031820.0
11866.3,119,4876.8,1333.0999999999992,5,D,11466.699999999995,399.6,24031820.0
12251.4,120,2490.999999999999,2516.4000000000005,6,D,11751.4,500.0,24481837.0
9692.899999999998,121,3426.800000000002,1101.4999999999968,6,D,9202.0,490.9,24481837.0
10032.8,122,2888.799999999999,1581.6000000000006,6,D,9636.9,395.9,24481837.0
9501.0,123,3286.4,787.1000000000006,6,D,9115.4,385.6,24481837.0
10296.1,124,2642.800000000002,1628.5999999999979,6,D,9887.9,408.2,24481837.0
10086.3,125,3096.1,1591.4000000000015,6,D,9695.4,390.9,24481837.0
10155.8,126,3211.7000000000025,1721.3999999999987,6,D,9824.3,331.5,24481837.0
12891.5,127,2501.9999999999977,3199.1000000000035,6,D,12504.0,387.5,24481837.0
14014.2,128,5092.299999999998,2946.800000000001,6,D,13439.2,575.0,24481837.0
15579.200000000004,129,5046.399999999998,3449.200000000001,6,D,14625.0,954.2,24481837.0
14643.500000000005,130,4848.299999999998,2968.7999999999993,6,D,13400.4,1243.1,24481837.0
16324.200000000004,131,4844.699999999997,4348.700000000004,6,D,14809.2,1515.0000000000002,24481837.0
15297.600000000002,132,4812.899999999997,3462.9000000000024,6,D,13551.399999999998,1746.1999999999996,24481837.0
15217.699999999995,133,4916.700000000004,3422.699999999998,6,D,13672.600000000002,1545.1,24481837.0
14302.1,134,5656.300000000004,3041.8999999999987,6,D,12634.8,1667.3,24481837.0
14945.9,135,4990.999999999995,3455.1000000000026,6,D,13300.6,1645.3,24481837.0
14034.299999999996,136,4893.299999999998,2871.3,6,D,12660.199999999995,1374.1,24481837.0
14364.199999999995,137,5683.500000000001,3641.599999999999,6,D,13095.799999999996,1268.4,24481837.0
16145.399999999998,138,5076.5999999999985,3625.0000000000014,6,D,15113.9,1031.5,24481837.0
15076.5,139,4839.699999999999,3077.200000000001,6,D,14280.2,796.3,24481837.0
16059.3,140,4948.6,3542.8,6,D,15263.100000000002,796.2,24481837.0
15934.1,141,4927.5999999999985,3666.6,6,D,15179.8,754.3,24481837.0
15466.699999999995,142,5005.700000000002,3267.8999999999987,6,D,14780.2,686.5,24481837.0
11652.5,143,4826.999999999998,1781.3000000000006,6,D,10861.99999999996,790.5,24481837.0
12314.4,144,2415.8,2893.4,7,D,11535.900000000063,778.5,23585923.0
11058.0,145,2462.6999999999994,2610.8,7,D,10239.500000000002,818.5,23585923.0
9443.6,146,2844.5999999999995,2109.0,7,D,8544.300000000007,899.3,23585923.0
10380.1,147,2570.3,2519.0,7,D,9465.40000000002,914.7,23585923.0
8580.9,148,2447.9,1570.7000000000005,7,D,7751.5,829.4,23585923.0
10285.6,149,2587.299999999998,2000.5000000000007,7,D,9509.3,776.3,23585923.0
9579.5,150,3096.9999999999995,1790.4,7,D,8845.800000000001,733.7,23585923.0
12771.6,151,2443.9000000000005,2784.0999999999995,7,D,11970.2,801.4,23585923.0
12291.9,152,5298.9000000000015,2374.5,7,D,11289.000000000022,1002.9,23585923.0
15183.700000000004,153,4918.799999999998,3800.900000000001,7,D,13852.200000000024,1331.5,23585923.0
16096.900000000005,154,4815.500000000001,3750.5000000000014,7,D,14613.300000000025,1483.6,23585923.0
14211.000000000007,155,5437.699999999996,3019.3000000000047,7,D,12504.700000000019,1706.3000000000004,23585923.0
15064.799999999996,156,4838.6,3520.599999999999,7,D,13279.4,1785.4,23585923.0
14740.200000000004,157,4857.099999999997,3409.200000000001,7,D,12867.899999999943,1872.3,23585923.0
13639.399999999998,158,5000.899999999999,2630.9,7,D,11821.299999999954,1818.1,23585923.0
14573.7,159,4854.699999999998,3609.800000000001,7,D,12811.199999999968,1762.5,23585923.0
13344.2,160,5678.499999999997,2605.7000000000007,7,D,11662.499999999949,1681.7,23585923.0
13757.499999999998,161,5367.600000000006,2700.799999999997,7,D,12151.90000000002,1605.6,23585923.0
14237.1,162,4847.599999999996,2753.3000000000025,7,D,12866.199999999995,1370.9,23585923.0
17288.8,163,4987.199999999999,5003.199999999999,7,D,16175.6,1113.2,23585923.0
15590.299999999996,164,4920.5,3777.3999999999987,7,D,14692.3,898.0,23585923.0
17096.899999999994,165,4929.499999999998,4182.4,7,D,16361.6,735.3,23585923.0
15221.700000000004,166,4859.699999999998,3400.700000000001,7,D,14464.5,757.2,23585923.0
12495.1,167,4849.8,1351.6999999999982,7,D,11636.3,858.8,23585923.0
11608.199999999995,0,1558.6000000000013,3103.9999999999977,1,R,11170.400000000007,437.8,21508942.0
10491.8,1,1371.800000000002,2566.2999999999993,1,R,9976.800000000054,515.0,21508942.0
9808.1,2,849.0999999999992,2926.700000000001,1,R,9218.59999999998,589.5,21508942.0
8775.5,3,1853.8999999999985,1715.8000000000006,1,R,7994.6,780.9000000000002,21508942.0
8710.3,4,1737.3000000000006,1694.7000000000005,1,R,7988.299999999998,722.0,21508942.0
10271.899999999998,5,947.1000000000013,2910.8999999999987,1,R,9640.7,631.2,21508942.0
9437.2,6,854.4999999999991,2641.0,1,R,8905.7,531.5,21508942.0
11983.100000000002,7,1563.1999999999966,3274.3000000000025,1,R,11152.8,830.3,21508942.0
14171.400000000005,8,772.9999999999976,4591.100000000003,1,R,13192.7,978.7,21508942.0
13263.4,9,1702.0000000000016,3923.8,1,R,12203.099999999995,1060.3,21508942.0
14352.200000000004,10,892.0000000000005,4734.0,1,R,12978.8,1373.4,21508942.0
14204.500000000002,11,818.8999999999994,5159.8,1,R,12771.1,1433.4,21508942.0
14779.500000000002,12,1206.199999999999,5085.100000000002,1,R,13082.8,1696.6999999999996,21508942.0
14543.600000000002,13,692.3000000000011,4936.499999999998,1,R,12849.800000000005,1693.8,21508942.0
12738.1,14,1571.2000000000005,4118.7,1,R,10995.0,1743.1,21508942.0
12520.199999999995,15,2014.6000000000024,4132.7999999999965,1,R,10708.999999999998,1811.2,21508942.0
12304.4,16,2157.9,3423.6000000000013,1,R,10658.9,1645.5,21508942.0
13094.899999999998,17,1004.200000000002,4506.999999999998,1,R,11903.4,1191.5,21508942.0
15211.4,18,1114.1000000000004,5083.800000000001,1,R,13956.6,1254.8000000000004,21508942.0
14919.599999999995,19,755.6000000000029,5182.899999999998,1,R,13954.2,965.4,21508942.0
13999.4,20,1101.400000000004,4101.999999999995,1,R,13022.0,977.4,21508942.0
16482.0,21,757.1000000000013,5097.7999999999965,1,R,15506.899999999929,975.1,21508942.0
13875.499999999998,22,871.2000000000038,4563.899999999997,1,R,13057.8,817.7,21508942.0
11869.6,23,1673.1,3340.7,1,R,11010.6,859.0,21508942.0
11448.8,24,1013.4,3631.299999999999,2,R,10761.399999999978,687.4,21916699.0
10636.299999999996,25,1346.1000000000024,3057.699999999997,2,R,9911.6,724.7,21916699.0
9212.1,26,1496.3000000000006,2281.9,2,R,8612.200000000023,599.9,21916699.0
9931.6,27,1125.0000000000011,3012.299999999999,2,R,9319.500000000038,612.0999999999998,21916699.0
8770.399999999998,28,1812.8000000000006,1915.2999999999988,2,R,8060.000000000025,710.4,21916699.0
10105.1,29,1332.0000000000011,3228.4,2,R,9465.399999999998,639.7,21916699.0
9492.600000000002,30,1348.1999999999991,2481.100000000001,2,R,9009.3,483.3,21916699.0
10761.3,31,845.3999999999991,2924.1000000000013,2,R,10211.7,549.6,21916699.0
14557.0,32,1487.1999999999975,4182.600000000001,2,R,13929.7,627.3,21916699.0
14973.2,33,1234.9000000000028,4104.899999999998,2,R,14141.69999999996,831.5,21916699.0
14471.6,34,1063.9999999999975,4646.3,2,R,13415.400000000005,1056.2,21916699.0
12834.3,35,1892.6000000000013,3573.4999999999986,2,R,11487.3,1347.0,21916699.0
14523.4,36,1054.400000000002,4879.1,2,R,13109.4,1414.0,21916699.0
15199.6,37,799.7000000000014,5456.499999999998,2,R,13818.0,1381.6,21916699.0
14155.4,38,1076.6999999999991,4839.800000000001,2,R,12591.7,1563.7,21916699.0
13231.899999999998,39,1853.500000000001,4040.3999999999987,2,R,11597.4,1634.5,21916699.0
11806.1,40,3230.700000000001,2505.899999999999,2,R,10226.0,1580.1,21916699.0
13838.100000000002,41,1775.0000000000025,4223.199999999999,2,R,12544.1,1294.0,21916699.0
15091.9,42,916.399999999999,4812.000000000002,2,R,13860.899999999998,1231.0,21916699.0
14359.299999999996,43,1807.1,3985.7,2,R,13524.4,834.9000000000002,21916699.0
13885.399999999998,44,1603.7000000000012,3627.299999999999,2,R,13401.8,483.6,21916699.0
15755.100000000004,45,1466.4999999999982,4616.500000000002,2,R,15288.600000000004,466.5,21916699.0
13328.1,46,1017.7000000000024,3745.3999999999987,2,R,12805.7,522.4,21916699.0
11852.799999999996,47,1137.2000000000035,3325.2999999999956,2,R,11300.1,552.7,21916699.0
11120.399999999998,48,711.5000000000008,3099.9999999999986,3,R,10650.400000004714,470.0,22430977.0
11553.900000000005,49,1062.0000000000002,2856.6000000000013,3,R,11199.700000000796,354.2,22430977.0
10840.1,50,775.5999999999997,3252.2,3,R,10431.699999999451,408.4,22430977.0
8964.799999999997,51,1188.900000000001,1994.2999999999984,3,R,8587.300000000103,377.5,22430977.0
8623.5,52,1495.3999999999994,2030.4000000000005,3,R,8126.899999999621,496.6,22430977.0
10335.7,53,886.5999999999997,3258.200000000001,3,R,9924.999999996528,410.7000000000001,22430977.0
9677.2,54,866.8999999999991,3052.4000000000005,3,R,9348.899999996074,328.3,22430977.0
9765.600000000002,55,927.8000000000012,2763.6,3,R,9433.89999999999,331.7,22430977.0
12120.799999999996,56,859.7000000000028,3696.999999999998,3,R,11734.8,386.0,22430977.0
14711.6,57,1140.7000000000012,4251.299999999998,3,R,14170.499999999969,541.1,22430977.0
14885.6,58,945.0000000000003,4705.5999999999985,3,R,14112.099999999995,773.5,22430977.0
13444.499999999998,59,1151.899999999999,3905.900000000001,3,R,12496.4,948.1,22430977.0
14686.3,60,1438.6999999999985,4756.300000000002,3,R,13568.8,1117.5,22430977.0
13704.5,61,802.4000000000017,5050.0999999999985,3,R,12401.3,1303.2,22430977.0
12605.5,62,1517.7999999999995,3978.9,3,R,11256.9,1348.6,22430977.0
12392.7,63,1483.8999999999994,3903.500000000002,3,R,11129.7,1263.0,22430977.0
14006.3,64,1040.3000000000006,4751.0999999999985,3,R,12868.3,1138.0,22430977.0
15198.4,65,896.1999999999957,4878.500000000002,3,R,14125.2,1073.2,22430977.0
13873.8,66,1656.1999999999978,4074.5000000000014,3,R,12875.499999999998,998.3,22430977.0
16257.4,67,815.9000000000008,5354.0999999999985,3,R,15532.000000000002,725.4000000000002,22430977.0
14202.999999999998,68,1556.700000000002,4017.3999999999987,3,R,13610.4,592.6,22430977.0
15113.399999999998,69,964.5999999999983,4448.1,3,R,14522.2,591.2,22430977.0
14059.8,70,1319.1999999999996,3591.099999999999,3,R,13505.3,554.5,22430977.0
13593.2,71,905.4999999999976,4066.100000000005,3,R,13068.8,524.4,22430977.0
12065.2,72,1010.9000000000003,3482.5000000000014,4,R,11691.699999999719,373.5,20344822.0
10357.299999999996,73,879.500000000001,2521.099999999999,4,R,9889.7,467.6,20344822.0
9616.499999999998,74,787.7000000000005,2659.4,4,R,9164.2,452.3,20344822.0
8796.8,75,2082.2999999999993,2217.5000000000005,4,R,8315.5,481.3,20344822.0
10327.6,76,1178.1,2935.799999999999,4,R,9902.899999999738,424.7,20344822.0
10006.1,77,887.0000000000009,3007.4999999999986,4,R,9509.4,496.7,20344822.0
9445.2,78,1224.9,2797.4999999999986,4,R,8966.099999999844,479.1,20344822.0
10435.2,79,1572.5999999999995,3094.9999999999995,4,R,9867.5,567.7,20344822.0
12417.2,80,731.9000000000003,4020.4,4,R,11593.49999999989,823.7,20344822.0
11998.399999999998,81,1704.3000000000025,3211.9,4,R,10873.599999999893,1124.8,20344822.0
12046.500000000002,82,1591.4999999999984,3488.800000000001,4,R,10665.399999999934,1381.1,20344822.0
11561.7,83,939.6000000000013,3695.699999999999,4,R,9958.500000000147,1603.2,20344822.0
13345.500000000002,84,1060.4000000000003,4805.899999999999,4,R,11802.499999999873,1543.0,20344822.0
12718.8,85,926.9000000000017,4718.999999999999,4,R,11072.499999999807,1646.3,20344822.0
12479.4,86,711.4999999999983,4323.6,4,R,10887.399999999874,1592.0000000000002,20344822.0
10759.3,87,1762.1000000000006,3225.8,4,R,9173.099999999878,1586.2,20344822.0
11672.0,88,1362.2,4094.299999999999,4,R,10180.899999999856,1491.1,20344822.0
11600.4,89,841.1999999999988,3699.8,4,R,10240.799999999876,1359.6,20344822.0
13885.399999999996,90,1325.6000000000051,4643.099999999997,4,R,12600.399999999998,1285.0,20344822.0
15058.8,91,1342.7000000000012,5015.199999999999,4,R,13949.9,1108.9,20344822.0
14078.0,92,1367.399999999999,3818.900000000001,4,R,13238.7,839.3,20344822.0
16000.9,93,886.6999999999985,4793.8,4,R,15264.5,736.4000000000002,20344822.0
13868.700000000004,94,778.9999999999969,4188.700000000002,4,R,13176.4,692.3,20344822.0
13110.900000000005,95,1189.5999999999985,3932.400000000001,4,R,12598.499999999998,512.4000000000002,20344822.0
11972.999999999998,96,1336.1,3221.2999999999993,5,R,11471.5,501.5,22538407.0
9132.000000000002,97,1273.9,2118.8,5,R,8673.4,458.6,22538407.0
9247.5,98,1415.0999999999995,2326.600000000001,5,R,8912.6,334.9,22538407.0
10136.999999999998,99,1650.8999999999994,2586.300000000001,5,R,9784.1,352.9000000000001,22538407.0
10270.6,100,937.9000000000003,2776.2,5,R,10025.3,245.3,22538407.0
8786.5,101,2385.000000000001,1217.2999999999993,5,R,8608.3,178.2,22538407.0
10909.3,102,795.2000000000003,2996.0999999999995,5,R,10568.4,340.9,22538407.0
12066.6,103,962.6000000000008,3469.5999999999995,5,R,11773.8,292.7999999999999,22538407.0
13551.3,104,932.0000000000003,4072.6000000000013,5,R,13078.1,473.2,22538407.0
14447.5,105,960.9999999999997,4424.500000000001,5,R,13673.399999999954,774.1,22538407.0
13121.500000000002,106,1936.1000000000006,3760.299999999999,5,R,12094.8,1026.7,22538407.0
13594.4,107,1008.399999999999,4009.700000000001,5,R,12449.9,1144.5,22538407.0
13952.6,108,1141.800000000001,4910.5999999999985,5,R,12544.2,1408.4,22538407.0
15704.7,109,1151.6999999999987,5305.2,5,R,14132.0,1572.7,22538407.0
13606.9,110,2123.4000000000005,4135.4,5,R,11970.900000000005,1636.0,22538407.0
14729.199999999995,111,1003.4999999999997,5327.499999999997,5,R,12957.1,1772.1,22538407.0
14036.1,112,1587.9999999999973,4702.000000000002,5,R,12324.8,1711.3,22538407.0
13283.700000000004,113,2207.099999999995,3848.4000000000033,5,R,11690.2,1593.5,22538407.0
15771.600000000004,114,1021.6999999999983,5149.100000000002,5,R,14438.899999999998,1332.7,22538407.0
14409.700000000004,115,1107.2000000000007,4655.300000000001,5,R,13315.3,1094.4,22538407.0
15852.8,116,735.1999999999997,5083.9000000000015,5,R,15076.3,776.5,22538407.0
15147.2,117,783.4999999999983,4769.100000000002,5,R,14391.9,755.3,22538407.0
15045.5,118,863.899999999999,4838.4000000000015,5,R,14444.0,601.5,22538407.0
11866.299999999996,119,1480.7000000000016,3682.999999999997,5,R,11466.7,399.6,22538407.0
12251.4,120,960.7000000000014,3616.1,6,R,11751.4,500.0,22994622.0
9692.899999999998,121,2044.8000000000025,2026.399999999996,6,R,9202.0,490.9,22994622.0
10032.8,122,1535.700000000001,2469.3,6,R,9636.9,395.9,22994622.0
9500.999999999998,123,2008.400000000001,1591.8999999999994,6,R,9115.4,385.6,22994622.0
10296.1,124,1373.8000000000004,2525.7000000000007,6,R,9887.9,408.2,22994622.0
10086.3,125,1747.700000000001,2439.999999999999,6,R,9695.400000000038,390.9,22994622.0
10155.8,126,2036.1000000000024,2613.899999999999,6,R,9824.299999999994,331.5,22994622.0
12891.5,127,2005.7999999999984,3505.900000000001,6,R,12504.000000000036,387.5,22994622.0
14014.2,128,941.6,4457.0999999999985,6,R,13439.199999999924,575.0,22994622.0
15337.300000000005,129,793.1999999999989,4950.000000000002,6,R,14383.100000000002,954.2,22994622.0
14097.7,130,1758.5000000000027,3862.299999999997,6,R,12854.6,1243.1,22994622.0
15545.3,131,1137.1999999999996,5365.700000000002,6,R,14030.3,1515.0000000000002,22994622.0
14293.4,132,1306.6999999999987,4521.1,6,R,12547.2,1746.1999999999996,22994622.0
14367.000000000002,133,909.0999999999983,4742.700000000004,6,R,12821.899999999918,1545.1,22994622.0
13384.000000000002,134,2379.6,3889.300000000001,6,R,11716.7,1667.3,22994622.0
14002.4,135,1263.0999999999985,4335.9000000000015,6,R,12357.1,1645.3,22994622.0
13400.399999999998,136,1282.8000000000004,4242.799999999998,6,R,12026.299999999983,1374.1,22994622.0
13766.4,137,1884.4,4798.7999999999965,6,R,12497.999999999995,1268.4,22994622.0
15896.1,138,935.3,4763.4000000000015,6,R,14864.599999999582,1031.5,22994622.0
14981.8,139,1137.7999999999995,4317.500000000002,6,R,14185.4999999998,796.3,22994622.0
15970.8,140,996.2000000000024,5105.7999999999965,6,R,15174.600000000013,796.2,22994622.0
15862.999999999998,141,1151.3999999999992,5153.699999999999,6,R,15108.699999999766,754.3,22994622.0
15466.700000000004,142,1338.1000000000004,4637.0,6,R,14780.199999999846,686.5,22994622.0
11542.999999999998,143,1478.6000000000015,2993.4999999999986,6,R,10752.49999999999,790.5,22994622.0
12314.4,144,1047.6,3896.1,7,R,11535.9,778.5,21749677.0
10992.699999999997,145,1161.9000000000012,3324.099999999999,7,R,10174.200000000004,818.5,21749677.0
9290.0,146,1678.0,2768.4,7,R,8390.699999999999,899.3,21749677.0
10201.6,147,915.0999999999992,3560.1000000000013,7,R,9286.9,914.7,21749677.0
8528.399999999998,148,2500.4,1518.1999999999994,7,R,7699.0,829.4,21749677.0
10269.4,149,873.7999999999979,2999.000000000003,7,R,9493.1,776.3,21749677.0
9579.5,150,1342.0999999999995,2929.200000000001,7,R,8845.8,733.7,21749677.0
12687.699999999995,151,802.6000000000013,3765.199999999999,7,R,11886.3,801.4,21749677.0
12087.700000000004,152,1433.3999999999978,3804.400000000001,7,R,11084.8,1002.9,21749677.0
14579.600000000004,153,942.7999999999954,5192.400000000004,7,R,13248.1,1331.5,21749677.0
15347.499999999998,154,816.6000000000015,4889.5999999999985,7,R,13863.9,1483.6,21749677.0
13258.300000000005,155,757.1999999999962,4663.800000000004,7,R,11552.000000000002,1706.3000000000004,21749677.0
13982.299999999996,156,802.7000000000023,4892.5999999999985,7,R,12196.899999999998,1785.4,21749677.0
13599.1,157,847.8999999999992,4864.4000000000015,7,R,11726.8,1872.3,21749677.0
12504.999999999998,158,1405.9000000000015,3873.4,7,R,10686.9,1818.1,21749677.0
13512.000000000002,159,895.4999999999985,4717.500000000003,7,R,11749.5,1762.5,21749677.0
12393.8,160,1774.2000000000005,3933.3,7,R,10712.1,1681.7,21749677.0
12885.3,161,1258.9000000000005,4120.799999999998,7,R,11279.7,1605.6,21749677.0
13584.3,162,1143.5999999999976,4068.7,7,R,12213.4,1370.9,21749677.0
16917.599999999995,163,756.4000000000067,5695.899999999995,7,R,15804.4,1113.2,21749677.0
15431.599999999995,164,2403.900000000001,4294.999999999998,7,R,14533.6,898.0,21749677.0
17048.1,165,1009.8999999999994,5161.4,7,R,16312.799999999952,735.3,21749677.0
15192.8,166,748.8000000000003,4928.399999999996,7,R,14435.6,757.2,21749677.0
12382.2,167,1254.9000000000005,3710.299999999999,7,R,11523.399999999998,858.8,21749677.0
11608.2,0,1838.2000000000005,2925.699999999999,1,S,11170.399999999438,437.8,22518656.0
10491.799999999996,1,1650.7000000000005,2384.3999999999983,1,S,9976.799999997766,515.0,22518656.0
9808.1,2,1926.3,2164.4,1,S,9218.599999999564,589.5,22518656.0
8792.0,3,2983.0,879.3999999999999,1,S,8011.10000000093,780.9000000000002,22518656.0
8710.3,4,3025.900000000001,906.1,1,S,7988.3000000003185,722.0,22518656.0
10271.9,5,1487.5,2562.8,1,S,9640.699999998516,631.2,22518656.0
9437.2,6,3502.1000000000013,998.1,1,S,8905.700000000294,531.5,22518656.0
12064.7,7,2785.499999999997,2578.7000000000035,1,S,11234.399999999494,830.3,22518656.0
14402.9,8,1701.7999999999995,3943.2,1,S,13424.200000001674,978.7,22518656.0
13639.399999999996,9,2825.100000000003,3181.2999999999965,1,S,12579.100000000735,1060.3,22518656.0
15008.8,10,2308.300000000001,4141.199999999999,1,S,13635.400000000005,1373.4,22518656.0
14925.2,11,1816.5999999999976,4628.300000000002,1,S,13491.800000000276,1433.4,22518656.0
15726.600000000004,12,1976.299999999997,4933.300000000002,1,S,14029.900000000236,1696.6999999999996,22518656.0
15569.4,13,1342.8000000000004,4736.899999999998,1,S,13875.600000000275,1693.8,22518656.0
13755.999999999995,14,2935.299999999999,3423.9,1,S,12012.89999999935,1743.1,22518656.0
13579.999999999995,15,3272.000000000004,3484.399999999997,1,S,11768.79999999936,1811.2,22518656.0
13258.6,16,3728.0000000000014,2575.2,1,S,11613.099999999316,1645.5,22518656.0
13538.8,17,3168.5999999999995,3058.9999999999986,1,S,12347.299999999774,1191.5,22518656.0
15782.999999999998,18,1790.3000000000022,4833.199999999999,1,S,14528.199999999251,1254.8000000000004,22518656.0
15140.899999999998,19,2632.799999999997,3970.7,1,S,14175.500000000002,965.4,22518656.0
14292.899999999998,20,3570.1000000000013,2397.299999999997,1,S,13315.5,977.4,22518656.0
16720.4,21,1467.5000000000018,4713.799999999998,1,S,15745.3,975.1,22518656.0
13967.799999999996,22,2932.1000000000013,3255.8999999999955,1,S,13150.1,817.7,22518656.0
12046.6,23,2729.2999999999993,2718.5999999999995,1,S,11187.60000000025,859.0,22518656.0
11448.8,24,2087.800000000001,2936.8999999999987,2,S,10761.399999999001,687.4,22656643.0
10636.3,25,2672.6000000000017,2105.6999999999985,2,S,9911.599999999129,724.7,22656643.0
9212.1,26,2880.9,1381.1,2,S,8612.19999999934,599.9,22656643.0
9931.6,27,2372.0,2222.8,2,S,9319.5,612.0999999999998,22656643.0
8770.400000000001,28,3012.599999999999,1067.9000000000003,2,S,8060.0,710.4,22656643.0
10105.1,29,2367.4,2614.600000000001,2,S,9465.4,639.7,22656643.0
9492.6,30,2933.9999999999986,1513.8000000000006,2,S,9009.30000000019,483.3,22656643.0
10761.299999999996,31,3829.6000000000026,1053.299999999997,2,S,10211.700000000172,549.6,22656643.0
14557.0,32,2058.8999999999987,3829.300000000001,2,S,13929.7,627.3,22656643.0
15076.9,33,2213.000000000001,3571.1999999999994,2,S,14245.4,831.5,22656643.0
14787.100000000004,34,2794.3999999999987,3795.000000000002,2,S,13730.900000000158,1056.2,22656643.0
13506.1,35,3395.000000000003,2702.399999999998,2,S,12159.100000000157,1347.0,22656643.0
15166.3,36,1856.2999999999995,4501.9000000000015,2,S,13752.300000000292,1414.0,22656643.0
15856.200000000004,37,1366.4000000000015,5256.199999999999,2,S,14474.600000000164,1381.6,22656643.0
14947.5,38,1988.700000000001,4436.0999999999985,2,S,13383.800000000145,1563.7,22656643.0
14093.9,39,2539.9000000000024,3894.199999999999,2,S,12459.4,1634.5,22656643.0
12656.8,40,4001.999999999997,2371.2000000000016,2,S,11076.700000000026,1580.1,22656643.0
14389.7,41,2805.1000000000013,3800.299999999999,2,S,13095.7,1294.0,22656643.0
15536.100000000002,42,2107.5999999999995,4199.300000000001,2,S,14305.10000000008,1231.0,22656643.0
14524.3,43,3315.799999999999,3047.700000000001,2,S,13689.400000000072,834.9000000000002,22656643.0
13885.399999999998,44,3330.800000000001,2508.0,2,S,13401.800000000248,483.6,22656643.0
15755.100000000004,45,2401.1,4002.4,2,S,15288.600000000186,466.5,22656643.0
13328.1,46,3228.200000000001,2263.5999999999995,2,S,12805.7,522.4,22656643.0
11852.8,47,3252.800000000001,2077.4999999999977,2,S,11300.1,552.7,22656643.0
11120.399999999998,48,3064.300000000003,1686.4999999999966,3,S,10650.4,470.0,22920128.0
11553.9,49,1206.9999999999989,2643.0000000000023,3,S,11199.7,354.2,22920128.0
10840.100000000002,50,1773.3999999999994,2580.000000000001,3,S,10431.70000000004,408.4,22920128.0
8964.799999999997,51,2546.300000000001,1153.2999999999995,3,S,8587.299999999634,377.5,22920128.0
8623.5,52,2726.399999999999,1081.7000000000003,3,S,8126.90000000005,496.6,22920128.0
10335.7,53,1750.000000000001,2688.699999999999,3,S,9925.0,410.7000000000001,22920128.0
9677.200000000004,54,3427.199999999998,1240.8000000000036,3,S,9348.90000000001,328.3,22920128.0
9765.600000000002,55,2963.299999999999,1268.100000000001,3,S,9433.90000000004,331.7,22920128.0
12120.8,56,2757.1000000000013,2493.699999999999,3,S,11734.800000000276,386.0,22920128.0
14711.6,57,2139.099999999998,3638.499999999998,3,S,14170.4999999992,541.1,22920128.0
14925.0,58,2380.4000000000005,3781.4999999999986,3,S,14151.500000000051,773.5,22920128.0
13685.4,59,3163.299999999999,2591.5000000000023,3,S,12737.29999999992,948.1,22920128.0
15072.700000000004,60,2149.299999999996,4424.500000000005,3,S,13955.19999999991,1117.5,22920128.0
14269.600000000002,61,2787.200000000001,3779.4,3,S,12966.399999999996,1303.2,22920128.0
13260.1,62,3658.5999999999967,2711.8,3,S,11911.5,1348.6,22920128.0
12862.9,63,3764.299999999999,2537.500000000001,3,S,11599.9,1263.0,22920128.0
14418.6,64,2078.7999999999993,4159.999999999999,3,S,13280.6,1138.0,22920128.0
15542.8,65,1476.599999999999,4703.300000000001,3,S,14469.599999999922,1073.2,22920128.0
14127.100000000002,66,2952.7999999999965,3194.200000000001,3,S,13128.799999999917,998.3,22920128.0
16268.9,67,1332.2000000000035,4999.699999999997,3,S,15543.500000000002,725.4000000000002,22920128.0
14203.000000000002,68,3491.499999999997,2751.3000000000025,3,S,13610.4,592.6,22920128.0
15113.4,69,2584.499999999997,3374.6000000000013,3,S,14522.200000000004,591.2,22920128.0
14059.799999999996,70,2877.900000000001,2629.999999999999,3,S,13505.3,554.5,22920128.0
13593.2,71,2156.3999999999987,3133.0000000000023,3,S,13068.8,524.4,22920128.0
12065.200000000004,72,2247.6999999999994,2537.300000000001,4,S,11691.699999997749,373.5,21213796.0
10357.3,73,2255.8,1690.9000000000005,4,S,9889.70000000043,467.6,21213796.0
9616.499999999996,74,2285.400000000002,1608.2999999999972,4,S,9164.199999999384,452.3,21213796.0
8796.8,75,3311.9,1306.2999999999995,4,S,8315.500000000387,481.3,21213796.0
10327.6,76,1572.8999999999994,2704.7999999999993,4,S,9902.899999999836,424.7,21213796.0
10006.1,77,1779.6999999999994,2284.900000000001,4,S,9509.40000000038,496.7,21213796.0
9445.2,78,2516.600000000001,1879.8999999999994,4,S,8966.099999999899,479.1,21213796.0
10435.2,79,2916.699999999999,2267.900000000001,4,S,9867.5,567.7,21213796.0
12528.3,80,1873.1,3208.200000000001,4,S,11704.599999999275,823.7,21213796.0
12441.799999999996,81,2421.500000000001,2815.199999999999,4,S,11317.000000001577,1124.8,21213796.0
12688.799999999996,82,2867.6000000000013,2830.4999999999964,4,S,11307.7,1381.1,21213796.0
12463.799999999996,83,3088.1000000000013,2552.9999999999977,4,S,10860.6,1603.2,21213796.0
14198.100000000002,84,1826.5,4711.199999999999,4,S,12655.1,1543.0,21213796.0
13650.899999999996,85,2280.5000000000023,3826.0999999999967,4,S,12004.600000000024,1646.3,21213796.0
13379.6,86,1972.4000000000005,3823.199999999999,4,S,11787.600000000064,1592.0000000000002,21213796.0
11619.000000000002,87,3652.5,2380.899999999999,4,S,10032.8,1586.2,21213796.0
12433.200000000004,88,3145.3999999999987,3028.300000000001,4,S,10942.1,1491.1,21213796.0
12269.4,89,3181.6,2277.8999999999983,4,S,10909.8,1359.6,21213796.0
14471.699999999995,90,2554.500000000001,4100.899999999999,4,S,13186.7,1285.0,21213796.0
15428.799999999996,91,2187.300000000003,4593.199999999997,4,S,14319.900000000041,1108.9,21213796.0
14156.099999999995,92,2870.2999999999993,2973.8,4,S,13316.800000000105,839.3,21213796.0
16045.9,93,1821.7999999999988,4194.500000000001,4,S,15309.499999999998,736.4000000000002,21213796.0
13868.7,94,2270.699999999999,3049.400000000001,4,S,13176.400000000189,692.3,21213796.0
13110.9,95,2502.4,2993.500000000002,4,S,12598.500000000007,512.4000000000002,21213796.0
11973.0,96,1296.099999999998,3356.1000000000013,5,S,11471.50000000047,501.5,23388616.0
9132.0,97,2515.7000000000007,1188.3000000000004,5,S,8673.4,458.6,23388616.0
9247.5,98,2560.600000000001,1430.0,5,S,8912.6,334.9,23388616.0
10136.999999999998,99,1650.9000000000005,2586.3,5,S,9784.099999999782,352.9000000000001,23388616.0
10270.6,100,2173.199999999999,1927.0,5,S,10025.299999999004,245.3,23388616.0
8786.499999999998,101,3741.1000000000013,309.5999999999992,5,S,8608.300000000121,178.2,23388616.0
10909.299999999996,102,1957.6000000000013,2041.3999999999994,5,S,10568.399999999818,340.9,23388616.0
12066.600000000002,103,2304.0999999999985,2589.100000000002,5,S,11773.8,292.7999999999999,23388616.0
13551.3,104,2069.500000000001,3270.8999999999987,5,S,13078.100000000002,473.2,23388616.0
14490.1,105,2389.600000000001,3415.4000000000005,5,S,13716.0,774.1,23388616.0
13397.8,106,3963.3999999999987,2577.399999999998,5,S,12371.100000000002,1026.7,23388616.0
13933.7,107,3361.299999999997,2540.7000000000016,5,S,12789.2,1144.5,23388616.0
14628.7,108,2817.4000000000005,4035.900000000001,5,S,13220.3,1408.4,23388616.0
16552.9,109,1575.5999999999979,5345.700000000002,5,S,14980.2,1572.7,23388616.0
14563.700000000004,110,2915.6999999999994,3843.5000000000014,5,S,12927.7,1636.0,23388616.0
15803.199999999995,111,1793.4999999999984,5114.0999999999985,5,S,14031.1,1772.1,23388616.0
14977.1,112,2390.6999999999994,4470.799999999998,5,S,13265.8,1711.3,23388616.0
14142.200000000004,113,3129.399999999997,3441.900000000004,5,S,12548.7,1593.5,23388616.0
16389.0,114,1643.3999999999994,5018.500000000002,5,S,15056.3,1332.7,23388616.0
14735.1,115,3083.1000000000035,3460.3999999999987,5,S,13640.7,1094.4,23388616.0
15919.400000000005,116,1953.499999999999,4392.8,5,S,15142.9,776.5,23388616.0
15147.200000000004,117,4285.0999999999985,3657.500000000002,5,S,14391.899999999932,755.3,23388616.0
15045.499999999995,118,2308.2999999999993,3865.5,5,S,14444.0,601.5,23388616.0
11866.299999999996,119,2994.5000000000014,2741.7999999999993,5,S,11466.7,399.6,23388616.0
12251.4,120,2233.5,2680.500000000001,6,S,11751.400000000938,500.0,23807628.0
9692.899999999998,121,3426.800000000001,1101.4999999999968,6,S,9202.000000001684,490.9,23807628.0
10032.8,122,1826.4999999999993,2286.600000000001,6,S,9636.899999999534,395.9,23807628.0
9501.0,123,2276.5999999999995,1422.5999999999995,6,S,9115.400000007508,385.6,23807628.0
10296.1,124,1631.4,2345.3,6,S,9887.900000006644,408.2,23807628.0
10086.3,125,2007.0,2253.100000000002,6,S,9695.40000000184,390.9,23807628.0
10155.8,126,2313.1000000000017,2449.199999999999,6,S,9824.299999994697,331.5,23807628.0
12891.5,127,2266.899999999999,3320.0000000000005,6,S,12503.999999999958,387.5,23807628.0
14014.2,128,2293.0000000000005,3624.0,6,S,13439.199999999351,575.0,23807628.0
15579.2,129,1586.9999999999984,4553.899999999999,6,S,14624.999999995442,954.2,23807628.0
14643.500000000002,130,2659.5000000000023,3499.0999999999976,6,S,13400.399999995105,1243.1,23807628.0
16324.200000000004,131,1899.8999999999976,5175.800000000002,6,S,14809.2,1515.0000000000002,23807628.0
15297.600000000002,132,2529.0999999999976,3948.6,6,S,13551.400000000998,1746.1999999999996,23807628.0
15217.7,133,1987.3,4271.700000000002,6,S,13672.600000000137,1545.1,23807628.0
14302.1,134,3705.200000000001,3263.9999999999995,6,S,12634.8,1667.3,23807628.0
14945.9,135,2537.199999999999,3768.400000000001,6,S,13300.6,1645.3,23807628.0
14034.299999999996,136,2794.7,3286.1,6,S,12660.2,1374.1,23807628.0
14364.2,137,3556.499999999998,3857.499999999998,6,S,13095.8,1268.4,23807628.0
16145.4,138,1909.6999999999975,4226.800000000003,6,S,15113.9,1031.5,23807628.0
15076.5,139,2779.999999999998,3293.6000000000013,6,S,14280.2,796.3,23807628.0
16059.3,140,2116.7000000000016,4348.399999999999,6,S,15263.100000000002,796.2,23807628.0
15934.1,141,2276.4999999999986,4408.299999999998,6,S,15179.800000003865,754.3,23807628.0
15466.7,142,2272.9,4042.6999999999957,6,S,14780.200000000004,686.5,23807628.0
11652.5,143,3243.7,1935.1000000000006,6,S,10862.00000000028,790.5,23807628.0
12314.400000000005,144,2304.100000000001,2967.8,7,S,11535.900000000327,778.5,22923097.0
11058.0,145,2374.0000000000005,2466.4999999999995,7,S,10239.5,818.5,22923097.0
9443.6,146,2844.6000000000013,2108.999999999999,7,S,8544.3,899.3,22923097.0
10380.100000000002,147,2091.099999999999,2827.4000000000024,7,S,9465.400000000009,914.7,22923097.0
8580.9,148,3774.3,640.3999999999999,7,S,7857.999999999997,722.9,22923097.0
10285.6,149,1359.4999999999998,2619.300000000001,7,S,9509.300000000074,776.3,22923097.0
9579.5,150,2829.5000000000005,1870.3999999999994,7,S,8845.799999999645,733.7,22923097.0
12771.6,151,1842.7000000000005,3165.599999999998,7,S,11970.200000000032,801.4,22923097.0
12291.9,152,4077.200000000001,2078.7999999999984,7,S,11288.999999999573,1002.9,22923097.0
15183.7,153,2156.100000000001,4669.200000000002,7,S,13852.2,1331.5,22923097.0
16096.9,154,1617.3999999999994,4688.500000000003,7,S,14613.299999999996,1483.6,22923097.0
14211.000000000005,155,3110.9999999999977,3307.500000000004,7,S,12504.700000001887,1706.3000000000004,22923097.0
15064.8,156,2177.000000000004,4211.2999999999965,7,S,13279.40000000181,1785.4,22923097.0
14740.2,157,2820.599999999999,3787.400000000001,7,S,12867.900000001233,1872.3,22923097.0
13639.4,158,3550.399999999997,2672.000000000001,7,S,11821.300000000048,1818.1,22923097.0
14573.7,159,2658.8999999999983,3861.300000000001,7,S,12811.20000000071,1762.5,22923097.0
13344.2,160,4315.999999999998,2580.2999999999993,7,S,11662.499999999864,1681.7,22923097.0
13757.499999999998,161,3656.400000000001,2696.300000000001,7,S,12151.899999999205,1605.6,22923097.0
14237.1,162,3632.8999999999987,2598.4999999999995,7,S,12866.199999999995,1370.9,22923097.0
17288.799999999996,163,822.9000000000058,5733.399999999995,7,S,16175.600000000068,1113.2,22923097.0
15590.299999999996,164,3230.8,3804.8999999999987,7,S,14692.299999999996,898.0,22923097.0
17096.899999999998,165,1398.2999999999995,4879.3,7,S,16361.600000000024,735.3,22923097.0
15221.7,166,1923.0,4152.5999999999985,7,S,14464.499999999998,757.2,22923097.0
12495.1,167,2605.800000000001,2809.8999999999987,7,S,11636.3,858.8,22923097.0
