20/06/2018,1,7618.4,1,144
20/06/2018,1,6537.3,2,144
20/06/2018,1,7679.8,3,144
20/06/2018,1,7156.6,4,144
20/06/2018,1,8671.7,5,144
20/06/2018,1,8141.6,6,144
20/06/2018,1,8804.8,7,144
20/06/2018,1,9449.0,8,144
20/06/2018,1,8469.3,9,144
20/06/2018,1,9992.3,10,144
20/06/2018,1,9659.0,11,144
20/06/2018,1,9424.8,12,144
20/06/2018,1,9505.3,13,144
20/06/2018,1,10016.7,14,144
20/06/2018,1,8461.4,15,144
20/06/2018,1,9854.8,16,144
20/06/2018,1,10572.0,17,144
20/06/2018,1,10119.4,18,144
20/06/2018,1,9492.0,19,144
20/06/2018,1,10416.1,20,144
20/06/2018,1,9464.9,21,144
20/06/2018,1,8985.3,22,144
20/06/2018,1,8954.1,23,144
20/06/2018,1,9140.0,24,144
20/06/2018,1,10702.0,25,144
20/06/2018,1,10459.2,26,144
20/06/2018,1,9234.3,27,144
20/06/2018,1,10467.8,28,144
20/06/2018,1,10061.3,29,144
20/06/2018,1,10611.7,30,144
20/06/2018,1,9868.4,31,144
20/06/2018,1,11117.8,32,144
20/06/2018,1,10487.0,33,144
20/06/2018,1,11741.1,34,144
20/06/2018,1,11063.2,35,144
20/06/2018,1,10875.1,36,144
20/06/2018,1,10205.9,37,144
20/06/2018,1,9923.3,38,144
20/06/2018,1,10980.9,39,144
20/06/2018,1,11513.7,40,144
20/06/2018,1,11472.7,41,144
20/06/2018,1,11842.2,42,144
20/06/2018,1,9956.3,43,144
20/06/2018,1,10905.6,44,144
20/06/2018,1,10952.9,45,144
20/06/2018,1,10757.1,46,144
20/06/2018,1,11365.4,47,144
20/06/2018,1,11537.7,48,144
20/06/2018,1,10170.6,49,144
20/06/2018,1,12013.0,50,144
20/06/2018,1,10390.6,51,144
20/06/2018,1,11686.1,52,144
20/06/2018,1,10827.7,53,144
20/06/2018,1,10707.6,54,144
20/06/2018,1,10392.0,55,144
20/06/2018,1,11680.8,56,144
20/06/2018,1,11460.6,57,144
20/06/2018,1,12085.9,58,144
20/06/2018,1,10292.7,59,144
20/06/2018,1,12506.9,60,144
20/06/2018,1,12422.3,61,144
20/06/2018,1,12695.7,62,144
20/06/2018,1,12716.7,63,144
20/06/2018,1,11882.8,64,144
20/06/2018,1,11117.2,65,144
20/06/2018,1,12490.9,66,144
20/06/2018,1,11297.7,67,144
20/06/2018,1,11410.2,68,144
20/06/2018,1,10728.1,69,144
20/06/2018,1,11660.6,70,144
20/06/2018,1,12100.4,71,144
20/06/2018,1,12363.5,72,144
20/06/2018,1,10887.5,73,144
20/06/2018,1,11364.3,74,144
20/06/2018,1,12260.3,75,144
20/06/2018,1,11458.7,76,144
20/06/2018,1,11005.2,77,144
20/06/2018,1,11225.6,78,144
20/06/2018,1,11601.2,79,144
20/06/2018,1,11050.3,80,144
20/06/2018,1,11195.6,81,144
20/06/2018,1,11252.2,82,144
20/06/2018,1,11776.3,83,144
20/06/2018,1,12168.1,84,144
20/06/2018,1,13290.6,85,144
20/06/2018,1,11259.5,86,144
20/06/2018,1,11539.9,87,144
20/06/2018,1,12164.1,88,144
20/06/2018,1,12039.1,89,144
20/06/2018,1,11913.7,90,144
20/06/2018,1,13800.9,91,144
20/06/2018,1,13967.7,92,144
20/06/2018,1,13246.9,93,144
20/06/2018,1,13280.3,94,144
20/06/2018,1,14877.8,95,144
20/06/2018,1,14195.0,96,144
20/06/2018,1,13198.7,97,144
20/06/2018,1,14333.4,98,144
20/06/2018,1,16157.2,99,144
20/06/2018,1,14391.5,100,144
20/06/2018,2,6256.1,1,145
20/06/2018,2,5969.3,2,145
20/06/2018,2,7150.1,3,145
20/06/2018,2,7471.9,4,145
20/06/2018,2,7613.9,5,145
20/06/2018,2,7689.4,6,145
20/06/2018,2,8334.5,7,145
20/06/2018,2,7494.4,8,145
20/06/2018,2,8725.3,9,145
20/06/2018,2,8813.4,10,145
20/06/2018,2,9080.4,11,145
20/06/2018,2,9200.1,12,145
20/06/2018,2,8152.7,13,145
20/06/2018,2,8541.1,14,145
20/06/2018,2,9131.2,15,145
20/06/2018,2,8266.0,16,145
20/06/2018,2,9018.3,17,145
20/06/2018,2,8725.0,18,145
20/06/2018,2,8118.5,19,145
20/06/2018,2,8709.3,20,145
20/06/2018,2,7872.5,21,145
20/06/2018,2,7909.4,22,145
20/06/2018,2,8828.8,23,145
20/06/2018,2,9544.0,24,145
20/06/2018,2,8417.4,25,145
20/06/2018,2,9136.7,26,145
20/06/2018,2,8745.1,27,145
20/06/2018,2,8491.2,28,145
20/06/2018,2,10097.0,29,145
20/06/2018,2,8462.3,30,145
20/06/2018,2,9294.1,31,145
20/06/2018,2,10274.7,32,145
20/06/2018,2,8894.4,33,145
20/06/2018,2,9738.5,34,145
20/06/2018,2,9062.6,35,145
20/06/2018,2,9859.8,36,145
20/06/2018,2,9399.1,37,145
20/06/2018,2,9742.8,38,145
20/06/2018,2,9440.5,39,145
20/06/2018,2,10603.0,40,145
20/06/2018,2,10384.4,41,145
20/06/2018,2,9699.0,42,145
20/06/2018,2,9899.3,43,145
20/06/2018,2,10082.5,44,145
20/06/2018,2,9752.8,45,145
20/06/2018,2,9698.8,46,145
20/06/2018,2,9720.3,47,145
20/06/2018,2,10065.2,48,145
20/06/2018,2,10982.2,49,145
20/06/2018,2,9593.6,50,145
20/06/2018,2,11107.0,51,145
20/06/2018,2,9999.6,52,145
20/06/2018,2,10551.1,53,145
20/06/2018,2,10962.7,54,145
20/06/2018,2,9884.7,55,145
20/06/2018,2,11140.0,56,145
20/06/2018,2,10432.6,57,145
20/06/2018,2,10501.2,58,145
20/06/2018,2,11466.0,59,145
20/06/2018,2,9712.5,60,145
20/06/2018,2,11483.6,61,145
20/06/2018,2,10767.7,62,145
20/06/2018,2,11708.1,63,145
20/06/2018,2,9867.3,64,145
20/06/2018,2,11040.1,65,145
20/06/2018,2,10473.8,66,145
20/06/2018,2,9660.5,67,145
20/06/2018,2,11809.8,68,145
20/06/2018,2,10125.8,69,145
20/06/2018,2,11875.2,70,145
20/06/2018,2,11485.2,71,145
20/06/2018,2,10442.3,72,145
20/06/2018,2,10522.0,73,145
20/06/2018,2,10778.6,74,145
20/06/2018,2,11833.6,75,145
20/06/2018,2,11216.1,76,145
20/06/2018,2,11965.3,77,145
20/06/2018,2,11935.4,78,145
20/06/2018,2,10347.1,79,145
20/06/2018,2,10857.4,80,145
20/06/2018,2,11970.5,81,145
20/06/2018,2,10553.2,82,145
20/06/2018,2,11289.5,83,145
20/06/2018,2,11813.7,84,145
20/06/2018,2,12687.0,85,145
20/06/2018,2,12255.7,86,145
20/06/2018,2,12183.8,87,145
20/06/2018,2,10785.6,88,145
20/06/2018,2,11251.7,89,145
20/06/2018,2,12512.8,90,145
20/06/2018,2,11593.0,91,145
20/06/2018,2,12533.6,92,145
20/06/2018,2,12060.4,93,145
20/06/2018,2,11663.0,94,145
20/06/2018,2,11659.0,95,145
20/06/2018,2,12836.7,96,145
20/06/2018,2,13059.7,97,145
20/06/2018,2,14099.7,98,145
20/06/2018,2,14898.1,99,145
20/06/2018,2,14860.1,100,145
20/06/2018,3,5209.5,1,146
20/06/2018,3,5850.3,2,146
20/06/2018,3,6238.3,3,146
20/06/2018,3,6198.6,4,146
20/06/2018,3,7823.3,5,146
20/06/2018,3,7607.8,6,146
20/06/2018,3,7225.7,7,146
20/06/2018,3,8308.9,8,146
20/06/2018,3,7052.0,9,146
20/06/2018,3,8001.8,10,146
20/06/2018,3,8544.8,11,146
20/06/2018,3,8541.8,12,146
20/06/2018,3,8583.4,13,146
20/06/2018,3,8315.4,14,146
20/06/2018,3,8747.7,15,146
20/06/2018,3,8643.2,16,146
20/06/2018,3,7783.3,17,146
20/06/2018,3,8545.1,18,146
20/06/2018,3,8018.6,19,146
20/06/2018,3,8711.5,20,146
20/06/2018,3,8243.2,21,146
20/06/2018,3,9046.0,22,146
20/06/2018,3,8506.8,23,146
20/06/2018,3,7954.6,24,146
20/06/2018,3,7951.9,25,146
20/06/2018,3,8996.5,26,146
20/06/2018,3,8631.6,27,146
20/06/2018,3,7857.8,28,146
20/06/2018,3,8957.1,29,146
20/06/2018,3,9157.0,30,146
20/06/2018,3,8430.7,31,146
20/06/2018,3,10082.4,32,146
20/06/2018,3,9435.5,33,146
20/06/2018,3,9410.5,34,146
20/06/2018,3,10180.5,35,146
20/06/2018,3,10021.8,36,146
20/06/2018,3,10066.1,37,146
20/06/2018,3,10082.8,38,146
20/06/2018,3,9889.2,39,146
20/06/2018,3,9958.8,40,146
20/06/2018,3,9938.3,41,146
20/06/2018,3,10124.8,42,146
20/06/2018,3,9135.6,43,146
20/06/2018,3,9896.4,44,146
20/06/2018,3,10544.3,45,146
20/06/2018,3,8892.3,46,146
20/06/2018,3,10090.3,47,146
20/06/2018,3,9685.7,48,146
20/06/2018,3,10063.5,49,146
20/06/2018,3,9394.3,50,146
20/06/2018,3,8849.0,51,146
20/06/2018,3,10266.1,52,146
20/06/2018,3,10635.4,53,146
20/06/2018,3,8978.3,54,146
20/06/2018,3,8973.6,55,146
20/06/2018,3,9797.9,56,146
20/06/2018,3,9549.8,57,146
20/06/2018,3,9805.6,58,146
20/06/2018,3,9690.1,59,146
20/06/2018,3,10151.5,60,146
20/06/2018,3,10945.2,61,146
20/06/2018,3,9437.0,62,146
20/06/2018,3,9314.4,63,146
20/06/2018,3,10902.0,64,146
20/06/2018,3,10722.7,65,146
20/06/2018,3,9960.2,66,146
20/06/2018,3,9705.9,67,146
20/06/2018,3,9812.6,68,146
20/06/2018,3,9717.2,69,146
20/06/2018,3,11121.7,70,146
20/06/2018,3,9410.1,71,146
20/06/2018,3,10327.9,72,146
20/06/2018,3,9558.6,73,146
20/06/2018,3,11160.7,74,146
20/06/2018,3,11234.6,75,146
20/06/2018,3,10143.0,76,146
20/06/2018,3,10211.3,77,146
20/06/2018,3,9787.3,78,146
20/06/2018,3,9769.7,79,146
20/06/2018,3,10348.9,80,146
20/06/2018,3,9908.7,81,146
20/06/2018,3,9729.2,82,146
20/06/2018,3,11853.6,83,146
20/06/2018,3,10949.5,84,146
20/06/2018,3,10707.9,85,146
20/06/2018,3,11863.7,86,146
20/06/2018,3,9915.6,87,146
20/06/2018,3,11496.4,88,146
20/06/2018,3,10742.5,89,146
20/06/2018,3,11040.9,90,146
20/06/2018,3,10931.2,91,146
20/06/2018,3,11865.8,92,146
20/06/2018,3,11111.8,93,146
20/06/2018,3,12298.2,94,146
20/06/2018,3,13007.6,95,146
20/06/2018,3,12217.1,96,146
20/06/2018,3,11712.8,97,146
20/06/2018,3,13394.4,98,146
20/06/2018,3,12826.2,99,146
20/06/2018,3,14439.9,100,146
20/06/2018,4,5865.3,1,147
20/06/2018,4,5206.1,2,147
20/06/2018,4,6360.5,3,147
20/06/2018,4,5686.0,4,147
20/06/2018,4,7272.5,5,147
20/06/2018,4,7538.3,6,147
20/06/2018,4,8018.9,7,147
20/06/2018,4,7967.8,8,147
20/06/2018,4,7391.9,9,147
20/06/2018,4,7664.4,10,147
20/06/2018,4,7771.5,11,147
20/06/2018,4,7463.6,12,147
20/06/2018,4,8072.7,13,147
20/06/2018,4,7319.2,14,147
20/06/2018,4,8492.2,15,147
20/06/2018,4,7119.2,16,147
20/06/2018,4,7786.5,17,147
20/06/2018,4,8230.1,18,147
20/06/2018,4,8288.6,19,147
20/06/2018,4,8632.1,20,147
20/06/2018,4,8772.5,21,147
20/06/2018,4,8018.2,22,147
20/06/2018,4,8115.3,23,147
20/06/2018,4,7669.4,24,147
20/06/2018,4,8400.5,25,147
20/06/2018,4,7744.8,26,147
20/06/2018,4,8091.3,27,147
20/06/2018,4,8673.8,28,147
20/06/2018,4,9300.5,29,147
20/06/2018,4,9114.4,30,147
20/06/2018,4,8133.4,31,147
20/06/2018,4,8869.8,32,147
20/06/2018,4,8810.9,33,147
20/06/2018,4,8596.2,34,147
20/06/2018,4,9305.9,35,147
20/06/2018,4,9992.0,36,147
20/06/2018,4,8592.1,37,147
20/06/2018,4,8554.6,38,147
20/06/2018,4,9504.4,39,147
20/06/2018,4,9081.6,40,147
20/06/2018,4,8901.7,41,147
20/06/2018,4,9204.0,42,147
20/06/2018,4,9908.2,43,147
20/06/2018,4,9214.3,44,147
20/06/2018,4,8747.6,45,147
20/06/2018,4,8941.4,46,147
20/06/2018,4,8659.5,47,147
20/06/2018,4,9845.3,48,147
20/06/2018,4,9693.7,49,147
20/06/2018,4,8988.6,50,147
20/06/2018,4,9741.7,51,147
20/06/2018,4,8652.5,52,147
20/06/2018,4,9527.2,53,147
20/06/2018,4,9671.1,54,147
20/06/2018,4,9694.9,55,147
20/06/2018,4,9360.8,56,147
20/06/2018,4,9277.9,57,147
20/06/2018,4,10097.3,58,147
20/06/2018,4,10458.3,59,147
20/06/2018,4,10561.0,60,147
20/06/2018,4,10378.3,61,147
20/06/2018,4,9497.4,62,147
20/06/2018,4,9278.8,63,147
20/06/2018,4,10818.5,64,147
20/06/2018,4,10499.5,65,147
20/06/2018,4,10132.8,66,147
20/06/2018,4,10118.6,67,147
20/06/2018,4,9047.0,68,147
20/06/2018,4,9298.8,69,147
20/06/2018,4,10609.0,70,147
20/06/2018,4,9178.7,71,147
20/06/2018,4,9771.3,72,147
20/06/2018,4,9171.3,73,147
20/06/2018,4,9279.5,74,147
20/06/2018,4,10284.9,75,147
20/06/2018,4,9849.4,76,147
20/06/2018,4,10057.7,77,147
20/06/2018,4,9957.8,78,147
20/06/2018,4,10505.2,79,147
20/06/2018,4,9996.1,80,147
20/06/2018,4,9788.4,81,147
20/06/2018,4,9691.5,82,147
20/06/2018,4,10909.3,83,147
20/06/2018,4,10661.0,84,147
20/06/2018,4,11287.8,85,147
20/06/2018,4,9811.2,86,147
20/06/2018,4,10345.8,87,147
20/06/2018,4,10501.2,88,147
20/06/2018,4,11457.0,89,147
20/06/2018,4,11724.9,90,147
20/06/2018,4,11006.7,91,147
20/06/2018,4,10490.9,92,147
20/06/2018,4,11999.8,93,147
20/06/2018,4,11045.2,94,147
20/06/2018,4,11969.5,95,147
20/06/2018,4,12435.8,96,147
20/06/2018,4,11019.4,97,147
20/06/2018,4,12945.7,98,147
20/06/2018,4,14325.4,99,147
20/06/2018,4,15029.8,100,147
20/06/2018,5,5281.7,1,148
20/06/2018,5,6071.5,2,148
20/06/2018,5,6035.5,3,148
20/06/2018,5,6006.9,4,148
20/06/2018,5,6339.4,5,148
20/06/2018,5,7578.8,6,148
20/06/2018,5,7872.2,7,148
20/06/2018,5,7753.4,8,148
20/06/2018,5,7069.6,9,148
20/06/2018,5,8029.3,10,148
20/06/2018,5,7266.3,11,148
20/06/2018,5,7912.5,12,148
20/06/2018,5,8124.5,13,148
20/06/2018,5,7080.0,14,148
20/06/2018,5,7085.5,15,148
20/06/2018,5,7628.8,16,148
20/06/2018,5,7611.5,17,148
20/06/2018,5,7593.7,18,148
20/06/2018,5,8564.1,19,148
20/06/2018,5,7143.8,20,148
20/06/2018,5,7715.8,21,148
20/06/2018,5,8138.4,22,148
20/06/2018,5,7453.1,23,148
20/06/2018,5,9099.7,24,148
20/06/2018,5,7577.0,25,148
20/06/2018,5,7603.1,26,148
20/06/2018,5,9042.5,27,148
20/06/2018,5,7687.6,28,148
20/06/2018,5,9072.6,29,148
20/06/2018,5,9475.4,30,148
20/06/2018,5,7997.8,31,148
20/06/2018,5,8603.9,32,148
20/06/2018,5,8038.8,33,148
20/06/2018,5,8591.0,34,148
20/06/2018,5,8626.6,35,148
20/06/2018,5,8824.8,36,148
20/06/2018,5,8282.0,37,148
20/06/2018,5,8751.6,38,148
20/06/2018,5,8482.8,39,148
20/06/2018,5,9755.9,40,148
20/06/2018,5,9381.9,41,148
20/06/2018,5,10028.0,42,148
20/06/2018,5,9187.0,43,148
20/06/2018,5,9957.2,44,148
20/06/2018,5,9450.3,45,148
20/06/2018,5,9190.8,46,148
20/06/2018,5,8655.4,47,148
20/06/2018,5,9880.1,48,148
20/06/2018,5,9703.7,49,148
20/06/2018,5,9811.7,50,148
20/06/2018,5,8586.1,51,148
20/06/2018,5,9125.3,52,148
20/06/2018,5,8963.1,53,148
20/06/2018,5,9600.9,54,148
20/06/2018,5,10346.6,55,148
20/06/2018,5,10295.7,56,148
20/06/2018,5,8820.4,57,148
20/06/2018,5,9225.4,58,148
20/06/2018,5,9129.8,59,148
20/06/2018,5,8976.2,60,148
20/06/2018,5,8837.4,61,148
20/06/2018,5,8873.5,62,148
20/06/2018,5,9880.3,63,148
20/06/2018,5,10407.3,64,148
20/06/2018,5,9950.4,65,148
20/06/2018,5,10385.8,66,148
20/06/2018,5,9314.6,67,148
20/06/2018,5,9863.9,68,148
20/06/2018,5,10380.1,69,148
20/06/2018,5,9728.7,70,148
20/06/2018,5,9773.7,71,148
20/06/2018,5,10427.8,72,148
20/06/2018,5,10344.2,73,148
20/06/2018,5,9300.6,74,148
20/06/2018,5,9881.8,75,148
20/06/2018,5,11340.6,76,148
20/06/2018,5,9883.0,77,148
20/06/2018,5,10591.9,78,148
20/06/2018,5,10394.3,79,148
20/06/2018,5,11360.0,80,148
20/06/2018,5,10722.3,81,148
20/06/2018,5,9926.1,82,148
20/06/2018,5,10397.4,83,148
20/06/2018,5,11331.7,84,148
20/06/2018,5,11216.1,85,148
20/06/2018,5,9860.8,86,148
20/06/2018,5,11071.7,87,148
20/06/2018,5,11160.9,88,148
20/06/2018,5,10260.9,89,148
20/06/2018,5,11191.5,90,148
20/06/2018,5,10968.5,91,148
20/06/2018,5,10477.2,92,148
20/06/2018,5,11582.8,93,148
20/06/2018,5,11806.7,94,148
20/06/2018,5,11618.8,95,148
20/06/2018,5,13117.1,96,148
20/06/2018,5,11915.2,97,148
20/06/2018,5,13359.4,98,148
20/06/2018,5,14134.8,99,148
20/06/2018,5,14910.2,100,148
20/06/2018,6,6106.4,1,149
20/06/2018,6,5938.3,2,149
20/06/2018,6,5465.1,3,149
20/06/2018,6,6313.4,4,149
20/06/2018,6,7811.6,5,149
20/06/2018,6,7743.4,6,149
20/06/2018,6,7982.3,7,149
20/06/2018,6,8078.0,8,149
20/06/2018,6,7808.6,9,149
20/06/2018,6,8393.6,10,149
20/06/2018,6,8025.9,11,149
20/06/2018,6,7645.3,12,149
20/06/2018,6,7617.2,13,149
20/06/2018,6,8465.8,14,149
20/06/2018,6,8517.0,15,149
20/06/2018,6,7392.4,16,149
20/06/2018,6,7809.7,17,149
20/06/2018,6,8772.1,18,149
20/06/2018,6,8743.4,19,149
20/06/2018,6,7788.5,20,149
20/06/2018,6,8729.2,21,149
20/06/2018,6,8339.4,22,149
20/06/2018,6,8306.1,23,149
20/06/2018,6,9156.4,24,149
20/06/2018,6,9087.7,25,149
20/06/2018,6,8914.6,26,149
20/06/2018,6,7961.9,27,149
20/06/2018,6,8967.6,28,149
20/06/2018,6,8327.0,29,149
20/06/2018,6,8942.6,30,149
20/06/2018,6,9333.3,31,149
20/06/2018,6,8303.3,32,149
20/06/2018,6,8984.9,33,149
20/06/2018,6,9181.0,34,149
20/06/2018,6,10032.9,35,149
20/06/2018,6,8758.7,36,149
20/06/2018,6,8691.8,37,149
20/06/2018,6,9850.8,38,149
20/06/2018,6,9372.4,39,149
20/06/2018,6,8866.7,40,149
20/06/2018,6,8994.1,41,149
20/06/2018,6,9647.2,42,149
20/06/2018,6,10359.8,43,149
20/06/2018,6,9553.8,44,149
20/06/2018,6,10248.1,45,149
20/06/2018,6,8896.9,46,149
20/06/2018,6,9393.5,47,149
20/06/2018,6,10619.8,48,149
20/06/2018,6,10042.7,49,149
20/06/2018,6,9923.0,50,149
20/06/2018,6,9177.8,51,149
20/06/2018,6,10220.8,52,149
20/06/2018,6,10807.7,53,149
20/06/2018,6,9345.7,54,149
20/06/2018,6,10750.7,55,149
20/06/2018,6,9145.8,56,149
20/06/2018,6,10561.0,57,149
20/06/2018,6,9925.0,58,149
20/06/2018,6,9154.3,59,149
20/06/2018,6,9830.9,60,149
20/06/2018,6,10500.4,61,149
20/06/2018,6,9366.8,62,149
20/06/2018,6,9615.8,63,149
20/06/2018,6,10905.6,64,149
20/06/2018,6,11105.2,65,149
20/06/2018,6,10478.1,66,149
20/06/2018,6,10353.2,67,149
20/06/2018,6,11294.0,68,149
20/06/2018,6,11121.8,69,149
20/06/2018,6,10727.4,70,149
20/06/2018,6,9542.6,71,149
20/06/2018,6,11232.9,72,149
20/06/2018,6,10800.0,73,149
20/06/2018,6,10554.3,74,149
20/06/2018,6,10871.5,75,149
20/06/2018,6,11524.2,76,149
20/06/2018,6,11564.1,77,149
20/06/2018,6,10865.8,78,149
20/06/2018,6,9676.3,79,149
20/06/2018,6,10044.9,80,149
20/06/2018,6,11183.1,81,149
20/06/2018,6,11255.5,82,149
20/06/2018,6,11317.9,83,149
20/06/2018,6,9980.5,84,149
20/06/2018,6,10226.3,85,149
20/06/2018,6,10834.1,86,149
20/06/2018,6,10853.4,87,149
20/06/2018,6,10135.9,88,149
20/06/2018,6,10083.2,89,149
20/06/2018,6,11914.0,90,149
20/06/2018,6,11090.0,91,149
20/06/2018,6,10751.6,92,149
20/06/2018,6,11176.8,93,149
20/06/2018,6,12454.4,94,149
20/06/2018,6,11618.9,95,149
20/06/2018,6,11059.4,96,149
20/06/2018,6,11924.8,97,149
20/06/2018,6,12085.3,98,149
20/06/2018,6,12693.9,99,149
20/06/2018,6,15008.3,100,149
20/06/2018,7,6099.4,1,150
20/06/2018,7,7136.4,2,150
20/06/2018,7,7174.3,3,150
20/06/2018,7,6598.7,4,150
20/06/2018,7,8677.5,5,150
20/06/2018,7,8830.8,6,150
20/06/2018,7,8124.1,7,150
20/06/2018,7,7701.5,8,150
20/06/2018,7,8678.3,9,150
20/06/2018,7,8033.3,10,150
20/06/2018,7,9143.7,11,150
20/06/2018,7,8823.7,12,150
20/06/2018,7,7910.8,13,150
20/06/2018,7,9102.9,14,150
20/06/2018,7,7863.2,15,150
20/06/2018,7,9339.1,16,150
20/06/2018,7,9455.1,17,150
20/06/2018,7,9775.9,18,150
20/06/2018,7,8349.4,19,150
20/06/2018,7,9646.1,20,150
20/06/2018,7,9688.7,21,150
20/06/2018,7,8504.7,22,150
20/06/2018,7,8871.2,23,150
20/06/2018,7,8990.2,24,150
20/06/2018,7,9112.3,25,150
20/06/2018,7,9002.0,26,150
20/06/2018,7,9958.5,27,150
20/06/2018,7,8841.6,28,150
20/06/2018,7,10038.9,29,150
20/06/2018,7,9078.6,30,150
20/06/2018,7,9712.2,31,150
20/06/2018,7,10187.4,32,150
20/06/2018,7,9545.4,33,150
20/06/2018,7,9425.5,34,150
20/06/2018,7,10497.1,35,150
20/06/2018,7,8995.5,36,150
20/06/2018,7,10243.6,37,150
20/06/2018,7,9108.9,38,150
20/06/2018,7,9438.5,39,150
20/06/2018,7,9599.6,40,150
20/06/2018,7,10227.0,41,150
20/06/2018,7,9468.7,42,150
20/06/2018,7,9887.8,43,150
20/06/2018,7,9471.3,44,150
20/06/2018,7,10771.7,45,150
20/06/2018,7,9590.1,46,150
20/06/2018,7,10736.1,47,150
20/06/2018,7,9803.2,48,150
20/06/2018,7,10818.8,49,150
20/06/2018,7,10671.3,50,150
20/06/2018,7,10877.6,51,150
20/06/2018,7,9830.1,52,150
20/06/2018,7,10435.6,53,150
20/06/2018,7,9557.7,54,150
20/06/2018,7,9697.3,55,150
20/06/2018,7,10564.0,56,150
20/06/2018,7,10970.0,57,150
20/06/2018,7,10196.1,58,150
20/06/2018,7,11800.0,59,150
20/06/2018,7,11320.4,60,150
20/06/2018,7,11955.7,61,150
20/06/2018,7,11778.5,62,150
20/06/2018,7,9965.3,63,150
20/06/2018,7,11254.6,64,150
20/06/2018,7,11202.1,65,150
20/06/2018,7,10914.8,66,150
20/06/2018,7,10505.1,67,150
20/06/2018,7,11097.5,68,150
20/06/2018,7,10714.9,69,150
20/06/2018,7,10876.7,70,150
20/06/2018,7,11192.9,71,150
20/06/2018,7,12060.3,72,150
20/06/2018,7,11623.1,73,150
20/06/2018,7,11037.4,74,150
20/06/2018,7,12035.2,75,150
20/06/2018,7,12002.8,76,150
20/06/2018,7,10536.1,77,150
20/06/2018,7,10726.8,78,150
20/06/2018,7,11280.2,79,150
20/06/2018,7,10375.9,80,150
20/06/2018,7,11017.3,81,150
20/06/2018,7,11432.7,82,150
20/06/2018,7,10608.5,83,150
20/06/2018,7,12769.3,84,150
20/06/2018,7,12881.6,85,150
20/06/2018,7,12803.0,86,150
20/06/2018,7,11140.4,87,150
20/06/2018,7,12483.1,88,150
20/06/2018,7,11728.1,89,150
20/06/2018,7,11218.5,90,150
20/06/2018,7,11888.4,91,150
20/06/2018,7,11705.7,92,150
20/06/2018,7,13087.0,93,150
20/06/2018,7,11714.8,94,150
20/06/2018,7,12881.1,95,150
20/06/2018,7,13034.1,96,150
20/06/2018,7,14449.6,97,150
20/06/2018,7,12783.4,98,150
20/06/2018,7,14227.9,99,150
20/06/2018,7,14238.1,100,150
20/06/2018,8,8322.0,1,151
20/06/2018,8,7225.9,2,151
20/06/2018,8,7362.9,3,151
20/06/2018,8,8888.1,4,151
20/06/2018,8,9885.5,5,151
20/06/2018,8,10318.8,6,151
20/06/2018,8,8954.1,7,151
20/06/2018,8,9846.1,8,151
20/06/2018,8,9328.1,9,151
20/06/2018,8,9025.1,10,151
20/06/2018,8,10078.3,11,151
20/06/2018,8,10161.8,12,151
20/06/2018,8,10429.3,13,151
20/06/2018,8,10638.8,14,151
20/06/2018,8,10769.3,15,151
20/06/2018,8,10940.8,16,151
20/06/2018,8,10903.9,17,151
20/06/2018,8,10299.4,18,151
20/06/2018,8,9881.8,19,151
20/06/2018,8,9776.7,20,151
20/06/2018,8,11368.9,21,151
20/06/2018,8,10330.5,22,151
20/06/2018,8,11048.5,23,151
20/06/2018,8,9991.7,24,151
20/06/2018,8,11572.6,25,151
20/06/2018,8,11191.7,26,151
20/06/2018,8,10605.2,27,151
20/06/2018,8,10096.1,28,151
20/06/2018,8,10340.7,29,151
20/06/2018,8,11571.7,30,151
20/06/2018,8,10407.4,31,151
20/06/2018,8,11020.6,32,151
20/06/2018,8,11164.0,33,151
20/06/2018,8,10941.9,34,151
20/06/2018,8,12414.8,35,151
20/06/2018,8,11974.0,36,151
20/06/2018,8,10640.4,37,151
20/06/2018,8,11628.7,38,151
20/06/2018,8,11769.8,39,151
20/06/2018,8,11755.2,40,151
20/06/2018,8,11670.4,41,151
20/06/2018,8,12040.2,42,151
20/06/2018,8,11387.3,43,151
20/06/2018,8,11036.4,44,151
20/06/2018,8,10756.2,45,151
20/06/2018,8,11051.7,46,151
20/06/2018,8,10620.8,47,151
20/06/2018,8,11711.0,48,151
20/06/2018,8,11657.1,49,151
20/06/2018,8,10823.2,50,151
20/06/2018,8,11648.1,51,151
20/06/2018,8,11781.6,52,151
20/06/2018,8,13014.0,53,151
20/06/2018,8,12048.3,54,151
20/06/2018,8,13012.7,55,151
20/06/2018,8,12813.7,56,151
20/06/2018,8,11124.1,57,151
20/06/2018,8,12299.3,58,151
20/06/2018,8,12888.2,59,151
20/06/2018,8,11958.0,60,151
20/06/2018,8,12614.7,61,151
20/06/2018,8,11031.3,62,151
20/06/2018,8,12573.3,63,151
20/06/2018,8,12750.4,64,151
20/06/2018,8,12059.5,65,151
20/06/2018,8,11797.0,66,151
20/06/2018,8,12416.1,67,151
20/06/2018,8,11542.8,68,151
20/06/2018,8,11662.8,69,151
20/06/2018,8,12005.1,70,151
20/06/2018,8,12609.6,71,151
20/06/2018,8,12909.5,72,151
20/06/2018,8,11383.8,73,151
20/06/2018,8,13843.5,74,151
20/06/2018,8,11703.0,75,151
20/06/2018,8,13593.2,76,151
20/06/2018,8,13870.9,77,151
20/06/2018,8,12216.4,78,151
20/06/2018,8,13168.7,79,151
20/06/2018,8,13912.6,80,151
20/06/2018,8,13012.7,81,151
20/06/2018,8,13330.9,82,151
20/06/2018,8,14002.5,83,151
20/06/2018,8,13786.5,84,151
20/06/2018,8,13220.0,85,151
20/06/2018,8,14309.3,86,151
20/06/2018,8,13207.9,87,151
20/06/2018,8,11769.4,88,151
20/06/2018,8,14391.1,89,151
20/06/2018,8,13319.2,90,151
20/06/2018,8,12793.5,91,151
20/06/2018,8,14123.6,92,151
20/06/2018,8,13434.6,93,151
20/06/2018,8,14995.3,94,151
20/06/2018,8,13897.3,95,151
20/06/2018,8,14636.6,96,151
20/06/2018,8,15122.3,97,151
20/06/2018,8,16198.1,98,151
20/06/2018,8,16788.6,99,151
20/06/2018,8,17653.2,100,151
20/06/2018,9,8566.8,1,152
20/06/2018,9,10333.7,2,152
20/06/2018,9,8978.9,3,152
20/06/2018,9,10102.6,4,152
20/06/2018,9,11052.2,5,152
20/06/2018,9,9951.4,6,152
20/06/2018,9,11975.1,7,152
20/06/2018,9,10725.7,8,152
20/06/2018,9,11690.8,9,152
20/06/2018,9,11204.3,10,152
20/06/2018,9,11171.3,11,152
20/06/2018,9,11136.7,12,152
20/06/2018,9,10877.1,13,152
20/06/2018,9,11796.5,14,152
20/06/2018,9,12761.9,15,152
20/06/2018,9,12710.6,16,152
20/06/2018,9,11866.9,17,152
20/06/2018,9,12249.9,18,152
20/06/2018,9,11469.4,19,152
20/06/2018,9,10868.1,20,152
20/06/2018,9,11805.8,21,152
20/06/2018,9,12443.3,22,152
20/06/2018,9,11151.5,23,152
20/06/2018,9,12192.1,24,152
20/06/2018,9,11311.2,25,152
20/06/2018,9,12318.2,26,152
20/06/2018,9,13531.1,27,152
20/06/2018,9,12674.6,28,152
20/06/2018,9,11552.0,29,152
20/06/2018,9,12763.1,30,152
20/06/2018,9,12778.4,31,152
20/06/2018,9,11742.7,32,152
20/06/2018,9,12399.9,33,152
20/06/2018,9,14203.9,34,152
20/06/2018,9,13194.1,35,152
20/06/2018,9,12938.8,36,152
20/06/2018,9,12791.2,37,152
20/06/2018,9,11691.8,38,152
20/06/2018,9,13673.7,39,152
20/06/2018,9,12080.4,40,152
20/06/2018,9,13305.3,41,152
20/06/2018,9,13851.0,42,152
20/06/2018,9,12280.0,43,152
20/06/2018,9,13102.5,44,152
20/06/2018,9,12018.9,45,152
20/06/2018,9,12157.3,46,152
20/06/2018,9,12598.5,47,152
20/06/2018,9,13403.6,48,152
20/06/2018,9,13102.9,49,152
20/06/2018,9,13036.0,50,152
20/06/2018,9,12500.7,51,152
20/06/2018,9,12336.4,52,152
20/06/2018,9,12817.4,53,152
20/06/2018,9,13276.3,54,152
20/06/2018,9,14880.0,55,152
20/06/2018,9,12883.3,56,152
20/06/2018,9,13048.9,57,152
20/06/2018,9,14093.0,58,152
20/06/2018,9,12722.9,59,152
20/06/2018,9,12614.3,60,152
20/06/2018,9,15057.3,61,152
20/06/2018,9,14532.0,62,152
20/06/2018,9,15232.2,63,152
20/06/2018,9,14748.2,64,152
20/06/2018,9,12760.9,65,152
20/06/2018,9,12551.2,66,152
20/06/2018,9,15324.2,67,152
20/06/2018,9,12631.3,68,152
20/06/2018,9,13373.3,69,152
20/06/2018,9,13518.5,70,152
20/06/2018,9,12790.3,71,152
20/06/2018,9,13828.8,72,152
20/06/2018,9,12672.1,73,152
20/06/2018,9,13923.0,74,152
20/06/2018,9,14072.0,75,152
20/06/2018,9,15285.2,76,152
20/06/2018,9,14045.8,77,152
20/06/2018,9,12923.8,78,152
20/06/2018,9,12940.4,79,152
20/06/2018,9,14524.1,80,152
20/06/2018,9,14440.4,81,152
20/06/2018,9,15562.5,82,152
20/06/2018,9,13550.1,83,152
20/06/2018,9,13334.2,84,152
20/06/2018,9,13677.8,85,152
20/06/2018,9,15192.0,86,152
20/06/2018,9,14153.5,87,152
20/06/2018,9,15974.2,88,152
20/06/2018,9,14089.3,89,152
20/06/2018,9,13613.7,90,152
20/06/2018,9,13610.0,91,152
20/06/2018,9,16613.8,92,152
20/06/2018,9,15547.4,93,152
20/06/2018,9,14611.3,94,152
20/06/2018,9,16363.9,95,152
20/06/2018,9,17576.2,96,152
20/06/2018,9,16859.7,97,152
20/06/2018,9,15886.0,98,152
20/06/2018,9,17051.8,99,152
20/06/2018,9,17981.0,100,152
20/06/2018,10,10666.7,1,153
20/06/2018,10,10865.6,2,153
20/06/2018,10,9728.2,3,153
20/06/2018,10,12032.4,4,153
20/06/2018,10,12329.1,5,153
20/06/2018,10,11046.6,6,153
20/06/2018,10,11625.5,7,153
20/06/2018,10,12588.1,8,153
20/06/2018,10,13212.4,9,153
20/06/2018,10,12648.0,10,153
20/06/2018,10,13356.5,11,153
20/06/2018,10,12326.9,12,153
20/06/2018,10,13425.6,13,153
20/06/2018,10,13970.3,14,153
20/06/2018,10,13526.3,15,153
20/06/2018,10,13802.5,16,153
20/06/2018,10,11756.9,17,153
20/06/2018,10,13862.8,18,153
20/06/2018,10,14275.2,19,153
20/06/2018,10,13023.6,20,153
20/06/2018,10,14307.6,21,153
20/06/2018,10,12249.2,22,153
20/06/2018,10,14375.2,23,153
20/06/2018,10,13132.1,24,153
20/06/2018,10,14588.0,25,153
20/06/2018,10,13537.2,26,153
20/06/2018,10,12627.1,27,153
20/06/2018,10,13623.8,28,153
20/06/2018,10,14544.3,29,153
20/06/2018,10,12788.0,30,153
20/06/2018,10,14212.9,31,153
20/06/2018,10,14033.8,32,153
20/06/2018,10,14835.9,33,153
20/06/2018,10,15419.2,34,153
20/06/2018,10,12938.9,35,153
20/06/2018,10,14256.4,36,153
20/06/2018,10,12589.1,37,153
20/06/2018,10,13269.8,38,153
20/06/2018,10,13223.1,39,153
20/06/2018,10,13535.8,40,153
20/06/2018,10,14400.4,41,153
20/06/2018,10,14222.7,42,153
20/06/2018,10,12805.1,43,153
20/06/2018,10,14314.2,44,153
20/06/2018,10,13935.0,45,153
20/06/2018,10,15438.6,46,153
20/06/2018,10,14381.3,47,153
20/06/2018,10,14323.0,48,153
20/06/2018,10,14376.2,49,153
20/06/2018,10,14134.6,50,153
20/06/2018,10,15394.6,51,153
20/06/2018,10,15321.8,52,153
20/06/2018,10,15180.5,53,153
20/06/2018,10,15128.1,54,153
20/06/2018,10,15164.3,55,153
20/06/2018,10,16053.7,56,153
20/06/2018,10,15074.0,57,153
20/06/2018,10,13667.6,58,153
20/06/2018,10,14396.2,59,153
20/06/2018,10,16069.5,60,153
20/06/2018,10,14857.7,61,153
20/06/2018,10,14477.8,62,153
20/06/2018,10,13491.7,63,153
20/06/2018,10,13684.8,64,153
20/06/2018,10,14183.6,65,153
20/06/2018,10,14613.0,66,153
20/06/2018,10,14278.7,67,153
20/06/2018,10,15189.1,68,153
20/06/2018,10,14529.7,69,153
20/06/2018,10,14424.2,70,153
20/06/2018,10,14224.1,71,153
20/06/2018,10,14043.3,72,153
20/06/2018,10,15893.2,73,153
20/06/2018,10,16407.5,74,153
20/06/2018,10,15503.4,75,153
20/06/2018,10,15764.0,76,153
20/06/2018,10,14456.7,77,153
20/06/2018,10,16816.1,78,153
20/06/2018,10,13987.1,79,153
20/06/2018,10,14936.8,80,153
20/06/2018,10,15194.8,81,153
20/06/2018,10,15699.0,82,153
20/06/2018,10,14632.7,83,153
20/06/2018,10,16115.2,84,153
20/06/2018,10,14251.4,85,153
20/06/2018,10,16044.9,86,153
20/06/2018,10,15943.8,87,153
20/06/2018,10,15593.2,88,153
20/06/2018,10,14795.4,89,153
20/06/2018,10,16373.1,90,153
20/06/2018,10,15071.3,91,153
20/06/2018,10,17259.9,92,153
20/06/2018,10,15701.6,93,153
20/06/2018,10,17060.4,94,153
20/06/2018,10,15719.8,95,153
20/06/2018,10,17842.6,96,153
20/06/2018,10,15652.3,97,153
20/06/2018,10,17811.0,98,153
20/06/2018,10,19656.9,99,153
20/06/2018,10,18134.8,100,153
20/06/2018,11,10550.6,1,154
20/06/2018,11,11033.6,2,154
20/06/2018,11,12273.4,3,154
20/06/2018,11,11344.3,4,154
20/06/2018,11,12868.7,5,154
20/06/2018,11,12750.3,6,154
20/06/2018,11,13554.7,7,154
20/06/2018,11,12139.4,8,154
20/06/2018,11,13992.6,9,154
20/06/2018,11,13889.3,10,154
20/06/2018,11,11911.4,11,154
20/06/2018,11,13920.5,12,154
20/06/2018,11,14460.5,13,154
20/06/2018,11,12722.8,14,154
20/06/2018,11,12623.6,15,154
20/06/2018,11,14066.6,16,154
20/06/2018,11,12322.1,17,154
20/06/2018,11,12432.2,18,154
20/06/2018,11,13670.8,19,154
20/06/2018,11,14229.2,20,154
20/06/2018,11,12654.3,21,154
20/06/2018,11,14935.3,22,154
20/06/2018,11,12782.2,23,154
20/06/2018,11,12494.6,24,154
20/06/2018,11,12712.0,25,154
20/06/2018,11,12726.0,26,154
20/06/2018,11,13312.2,27,154
20/06/2018,11,13513.6,28,154
20/06/2018,11,12868.0,29,154
20/06/2018,11,13203.4,30,154
20/06/2018,11,13436.9,31,154
20/06/2018,11,15203.3,32,154
20/06/2018,11,15163.3,33,154
20/06/2018,11,15847.6,34,154
20/06/2018,11,13955.4,35,154
20/06/2018,11,13732.9,36,154
20/06/2018,11,14062.5,37,154
20/06/2018,11,13924.8,38,154
20/06/2018,11,14639.1,39,154
20/06/2018,11,16130.7,40,154
20/06/2018,11,15180.0,41,154
20/06/2018,11,15894.6,42,154
20/06/2018,11,16233.0,43,154
20/06/2018,11,14510.3,44,154
20/06/2018,11,13802.9,45,154
20/06/2018,11,14739.0,46,154
20/06/2018,11,14080.0,47,154
20/06/2018,11,13723.2,48,154
20/06/2018,11,13445.4,49,154
20/06/2018,11,15474.0,50,154
20/06/2018,11,16425.6,51,154
20/06/2018,11,15708.3,52,154
20/06/2018,11,13811.2,53,154
20/06/2018,11,15780.3,54,154
20/06/2018,11,14358.7,55,154
20/06/2018,11,15885.0,56,154
20/06/2018,11,15786.4,57,154
20/06/2018,11,16235.5,58,154
20/06/2018,11,15616.6,59,154
20/06/2018,11,14497.4,60,154
20/06/2018,11,16784.7,61,154
20/06/2018,11,14249.1,62,154
20/06/2018,11,15760.4,63,154
20/06/2018,11,14304.8,64,154
20/06/2018,11,15251.3,65,154
20/06/2018,11,17074.1,66,154
20/06/2018,11,14555.8,67,154
20/06/2018,11,16784.8,68,154
20/06/2018,11,15910.6,69,154
20/06/2018,11,16832.1,70,154
20/06/2018,11,17298.9,71,154
20/06/2018,11,16031.5,72,154
20/06/2018,11,14479.7,73,154
20/06/2018,11,16197.0,74,154
20/06/2018,11,14781.3,75,154
20/06/2018,11,17485.2,76,154
20/06/2018,11,14808.3,77,154
20/06/2018,11,15180.7,78,154
20/06/2018,11,15863.8,79,154
20/06/2018,11,16946.3,80,154
20/06/2018,11,14813.9,81,154
20/06/2018,11,17316.9,82,154
20/06/2018,11,15085.0,83,154
20/06/2018,11,16808.2,84,154
20/06/2018,11,16186.5,85,154
20/06/2018,11,15540.1,86,154
20/06/2018,11,15459.7,87,154
20/06/2018,11,15963.9,88,154
20/06/2018,11,15753.4,89,154
20/06/2018,11,16644.4,90,154
20/06/2018,11,15473.0,91,154
20/06/2018,11,16833.3,92,154
20/06/2018,11,18266.8,93,154
20/06/2018,11,15499.9,94,154
20/06/2018,11,16672.3,95,154
20/06/2018,11,17059.9,96,154
20/06/2018,11,18303.0,97,154
20/06/2018,11,19625.6,98,154
20/06/2018,11,18794.3,99,154
20/06/2018,11,20035.5,100,154
20/06/2018,12,11361.4,1,155
20/06/2018,12,10459.2,2,155
20/06/2018,12,11652.7,3,155
20/06/2018,12,11140.6,4,155
20/06/2018,12,11324.0,5,155
20/06/2018,12,12056.3,6,155
20/06/2018,12,11620.2,7,155
20/06/2018,12,12679.0,8,155
20/06/2018,12,13605.0,9,155
20/06/2018,12,11773.9,10,155
20/06/2018,12,13090.8,11,155
20/06/2018,12,12748.1,12,155
20/06/2018,12,11903.6,13,155
20/06/2018,12,12272.0,14,155
20/06/2018,12,14088.5,15,155
20/06/2018,12,12401.8,16,155
20/06/2018,12,13463.3,17,155
20/06/2018,12,13393.6,18,155
20/06/2018,12,12417.5,19,155
20/06/2018,12,13708.7,20,155
20/06/2018,12,13008.0,21,155
20/06/2018,12,13751.9,22,155
20/06/2018,12,14218.5,23,155
20/06/2018,12,12892.8,24,155
20/06/2018,12,15078.2,25,155
20/06/2018,12,13913.7,26,155
20/06/2018,12,14372.2,27,155
20/06/2018,12,13727.2,28,155
20/06/2018,12,13288.9,29,155
20/06/2018,12,15238.6,30,155
20/06/2018,12,15552.4,31,155
20/06/2018,12,15331.9,32,155
20/06/2018,12,14142.3,33,155
20/06/2018,12,14099.1,34,155
20/06/2018,12,14872.8,35,155
20/06/2018,12,14843.5,36,155
20/06/2018,12,13927.3,37,155
20/06/2018,12,13251.5,38,155
20/06/2018,12,13659.4,39,155
20/06/2018,12,13565.4,40,155
20/06/2018,12,13681.0,41,155
20/06/2018,12,16189.2,42,155
20/06/2018,12,14609.5,43,155
20/06/2018,12,14384.4,44,155
20/06/2018,12,15485.3,45,155
20/06/2018,12,15859.7,46,155
20/06/2018,12,15497.9,47,155
20/06/2018,12,15615.8,48,155
20/06/2018,12,14698.0,49,155
20/06/2018,12,16166.6,50,155
20/06/2018,12,13649.2,51,155
20/06/2018,12,14871.5,52,155
20/06/2018,12,15294.6,53,155
20/06/2018,12,16241.9,54,155
20/06/2018,12,13727.2,55,155
20/06/2018,12,16791.9,56,155
20/06/2018,12,15011.4,57,155
20/06/2018,12,15514.7,58,155
20/06/2018,12,14896.5,59,155
20/06/2018,12,15885.3,60,155
20/06/2018,12,15272.4,61,155
20/06/2018,12,16479.3,62,155
20/06/2018,12,15396.1,63,155
20/06/2018,12,15157.7,64,155
20/06/2018,12,14750.3,65,155
20/06/2018,12,15323.4,66,155
20/06/2018,12,16324.9,67,155
20/06/2018,12,15676.2,68,155
20/06/2018,12,14399.8,69,155
20/06/2018,12,16305.8,70,155
20/06/2018,12,16825.9,71,155
20/06/2018,12,17262.7,72,155
20/06/2018,12,14909.8,73,155
20/06/2018,12,14362.6,74,155
20/06/2018,12,15474.9,75,155
20/06/2018,12,15055.0,76,155
20/06/2018,12,14416.8,77,155
20/06/2018,12,14291.5,78,155
20/06/2018,12,15351.5,79,155
20/06/2018,12,17450.6,80,155
20/06/2018,12,15431.4,81,155
20/06/2018,12,17269.9,82,155
20/06/2018,12,16135.6,83,155
20/06/2018,12,17240.6,84,155
20/06/2018,12,15759.1,85,155
20/06/2018,12,16790.4,86,155
20/06/2018,12,17680.4,87,155
20/06/2018,12,14626.0,88,155
20/06/2018,12,15902.4,89,155
20/06/2018,12,16150.7,90,155
20/06/2018,12,15273.3,91,155
20/06/2018,12,15942.1,92,155
20/06/2018,12,17249.6,93,155
20/06/2018,12,17413.9,94,155
20/06/2018,12,16637.8,95,155
20/06/2018,12,19278.4,96,155
20/06/2018,12,17531.3,97,155
20/06/2018,12,16996.9,98,155
20/06/2018,12,17144.4,99,155
20/06/2018,12,20299.6,100,155
20/06/2018,13,11407.0,1,156
20/06/2018,13,11031.5,2,156
20/06/2018,13,12637.8,3,156
20/06/2018,13,11760.0,4,156
20/06/2018,13,12903.5,5,156
20/06/2018,13,13390.4,6,156
20/06/2018,13,13405.4,7,156
20/06/2018,13,12014.3,8,156
20/06/2018,13,12778.1,9,156
20/06/2018,13,12408.8,10,156
20/06/2018,13,13586.2,11,156
20/06/2018,13,12598.7,12,156
20/06/2018,13,12930.9,13,156
20/06/2018,13,14182.0,14,156
20/06/2018,13,13454.4,15,156
20/06/2018,13,12167.9,16,156
20/06/2018,13,14203.9,17,156
20/06/2018,13,13086.4,18,156
20/06/2018,13,14249.0,19,156
20/06/2018,13,14926.1,20,156
20/06/2018,13,13920.1,21,156
20/06/2018,13,13075.3,22,156
20/06/2018,13,14268.1,23,156
20/06/2018,13,15422.5,24,156
20/06/2018,13,15013.1,25,156
20/06/2018,13,15266.5,26,156
20/06/2018,13,15214.1,27,156
20/06/2018,13,12801.0,28,156
20/06/2018,13,13399.6,29,156
20/06/2018,13,15514.3,30,156
20/06/2018,13,14715.7,31,156
20/06/2018,13,15046.1,32,156
20/06/2018,13,13269.6,33,156
20/06/2018,13,13845.3,34,156
20/06/2018,13,16010.9,35,156
20/06/2018,13,15485.1,36,156
20/06/2018,13,15384.8,37,156
20/06/2018,13,14812.5,38,156
20/06/2018,13,15106.1,39,156
20/06/2018,13,15827.2,40,156
20/06/2018,13,14122.1,41,156
20/06/2018,13,13845.6,42,156
20/06/2018,13,15703.5,43,156
20/06/2018,13,14570.4,44,156
20/06/2018,13,16438.4,45,156
20/06/2018,13,13967.6,46,156
20/06/2018,13,15081.6,47,156
20/06/2018,13,14003.3,48,156
20/06/2018,13,14880.5,49,156
20/06/2018,13,15993.4,50,156
20/06/2018,13,15785.0,51,156
20/06/2018,13,16809.3,52,156
20/06/2018,13,15526.8,53,156
20/06/2018,13,15495.0,54,156
20/06/2018,13,16692.4,55,156
20/06/2018,13,16923.0,56,156
20/06/2018,13,16173.8,57,156
20/06/2018,13,16056.9,58,156
20/06/2018,13,15851.4,59,156
20/06/2018,13,16897.6,60,156
20/06/2018,13,15254.2,61,156
20/06/2018,13,14722.3,62,156
20/06/2018,13,15251.8,63,156
20/06/2018,13,17114.5,64,156
20/06/2018,13,17066.9,65,156
20/06/2018,13,15657.8,66,156
20/06/2018,13,15438.7,67,156
20/06/2018,13,16559.3,68,156
20/06/2018,13,14967.6,69,156
20/06/2018,13,15089.4,70,156
20/06/2018,13,16084.7,71,156
20/06/2018,13,14463.8,72,156
20/06/2018,13,15650.2,73,156
20/06/2018,13,17021.2,74,156
20/06/2018,13,14566.3,75,156
20/06/2018,13,15651.5,76,156
20/06/2018,13,15084.0,77,156
20/06/2018,13,15223.9,78,156
20/06/2018,13,14641.2,79,156
20/06/2018,13,17346.3,80,156
20/06/2018,13,15731.2,81,156
20/06/2018,13,16739.9,82,156
20/06/2018,13,15288.5,83,156
20/06/2018,13,16676.9,84,156
20/06/2018,13,18197.5,85,156
20/06/2018,13,16428.6,86,156
20/06/2018,13,15642.9,87,156
20/06/2018,13,17511.0,88,156
20/06/2018,13,16100.9,89,156
20/06/2018,13,16121.7,90,156
20/06/2018,13,17053.5,91,156
20/06/2018,13,18280.7,92,156
20/06/2018,13,15815.5,93,156
20/06/2018,13,18761.9,94,156
20/06/2018,13,16297.0,95,156
20/06/2018,13,18730.5,96,156
20/06/2018,13,18425.8,97,156
20/06/2018,13,16892.0,98,156
20/06/2018,13,17328.9,99,156
20/06/2018,13,21959.1,100,156
20/06/2018,14,10560.8,1,157
20/06/2018,14,12183.5,2,157
20/06/2018,14,10964.9,3,157
20/06/2018,14,11005.7,4,157
20/06/2018,14,14129.6,5,157
20/06/2018,14,12461.5,6,157
20/06/2018,14,12501.3,7,157
20/06/2018,14,13319.7,8,157
20/06/2018,14,13778.7,9,157
20/06/2018,14,14316.0,10,157
20/06/2018,14,13808.6,11,157
20/06/2018,14,14556.3,12,157
20/06/2018,14,14221.2,13,157
20/06/2018,14,12692.3,14,157
20/06/2018,14,13461.2,15,157
20/06/2018,14,12612.2,16,157
20/06/2018,14,14570.6,17,157
20/06/2018,14,14500.0,18,157
20/06/2018,14,14383.6,19,157
20/06/2018,14,12408.6,20,157
20/06/2018,14,14380.4,21,157
20/06/2018,14,12520.2,22,157
20/06/2018,14,13000.8,23,157
20/06/2018,14,14077.2,24,157
20/06/2018,14,14674.3,25,157
20/06/2018,14,15482.1,26,157
20/06/2018,14,14382.5,27,157
20/06/2018,14,13706.4,28,157
20/06/2018,14,15501.2,29,157
20/06/2018,14,15272.6,30,157
20/06/2018,14,14459.5,31,157
20/06/2018,14,15669.9,32,157
20/06/2018,14,14557.4,33,157
20/06/2018,14,14441.7,34,157
20/06/2018,14,14052.2,35,157
20/06/2018,14,14073.4,36,157
20/06/2018,14,13674.8,37,157
20/06/2018,14,15810.9,38,157
20/06/2018,14,14278.5,39,157
20/06/2018,14,13931.2,40,157
20/06/2018,14,16276.5,41,157
20/06/2018,14,16401.3,42,157
20/06/2018,14,16541.2,43,157
20/06/2018,14,14483.5,44,157
20/06/2018,14,15918.1,45,157
20/06/2018,14,13654.9,46,157
20/06/2018,14,14485.6,47,157
20/06/2018,14,13812.9,48,157
20/06/2018,14,16045.6,49,157
20/06/2018,14,14883.8,50,157
20/06/2018,14,15616.6,51,157
20/06/2018,14,14604.1,52,157
20/06/2018,14,14551.3,53,157
20/06/2018,14,14426.4,54,157
20/06/2018,14,14143.6,55,157
20/06/2018,14,15596.2,56,157
20/06/2018,14,15558.6,57,157
20/06/2018,14,15174.9,58,157
20/06/2018,14,14580.5,59,157
20/06/2018,14,17135.0,60,157
20/06/2018,14,15652.6,61,157
20/06/2018,14,14434.1,62,157
20/06/2018,14,16758.1,63,157
20/06/2018,14,16066.1,64,157
20/06/2018,14,16493.4,65,157
20/06/2018,14,15764.4,66,157
20/06/2018,14,16056.9,67,157
20/06/2018,14,16368.5,68,157
20/06/2018,14,15382.6,69,157
20/06/2018,14,15576.1,70,157
20/06/2018,14,16664.9,71,157
20/06/2018,14,15804.0,72,157
20/06/2018,14,17168.7,73,157
20/06/2018,14,16293.6,74,157
20/06/2018,14,14570.7,75,157
20/06/2018,14,16897.2,76,157
20/06/2018,14,17727.6,77,157
20/06/2018,14,17818.5,78,157
20/06/2018,14,16141.3,79,157
20/06/2018,14,15194.3,80,157
20/06/2018,14,15668.7,81,157
20/06/2018,14,16494.7,82,157
20/06/2018,14,18068.5,83,157
20/06/2018,14,15219.4,84,157
20/06/2018,14,16236.0,85,157
20/06/2018,14,16181.7,86,157
20/06/2018,14,17682.7,87,157
20/06/2018,14,17971.5,88,157
20/06/2018,14,16658.4,89,157
20/06/2018,14,17126.9,90,157
20/06/2018,14,15452.5,91,157
20/06/2018,14,18708.9,92,157
20/06/2018,14,15458.2,93,157
20/06/2018,14,19108.8,94,157
20/06/2018,14,17184.7,95,157
20/06/2018,14,18725.8,96,157
20/06/2018,14,18864.7,97,157
20/06/2018,14,17044.7,98,157
20/06/2018,14,17595.6,99,157
20/06/2018,14,21897.4,100,157
20/06/2018,15,10369.4,1,158
20/06/2018,15,11991.0,2,158
20/06/2018,15,11342.1,3,158
20/06/2018,15,10739.3,4,158
20/06/2018,15,13073.1,5,158
20/06/2018,15,12297.5,6,158
20/06/2018,15,14094.6,7,158
20/06/2018,15,12206.4,8,158
20/06/2018,15,13408.6,9,158
20/06/2018,15,13072.8,10,158
20/06/2018,15,13503.2,11,158
20/06/2018,15,14215.8,12,158
20/06/2018,15,13934.7,13,158
20/06/2018,15,13488.3,14,158
20/06/2018,15,11936.5,15,158
20/06/2018,15,13623.3,16,158
20/06/2018,15,14567.7,17,158
20/06/2018,15,14139.8,18,158
20/06/2018,15,14079.8,19,158
20/06/2018,15,14764.6,20,158
20/06/2018,15,14280.7,21,158
20/06/2018,15,12292.1,22,158
20/06/2018,15,14556.5,23,158
20/06/2018,15,14064.0,24,158
20/06/2018,15,14843.8,25,158
20/06/2018,15,13277.0,26,158
20/06/2018,15,14852.0,27,158
20/06/2018,15,13589.7,28,158
20/06/2018,15,14851.6,29,158
20/06/2018,15,13968.3,30,158
20/06/2018,15,15381.0,31,158
20/06/2018,15,15301.0,32,158
20/06/2018,15,14406.5,33,158
20/06/2018,15,13720.8,34,158
20/06/2018,15,15928.4,35,158
20/06/2018,15,14828.2,36,158
20/06/2018,15,14996.6,37,158
20/06/2018,15,13941.6,38,158
20/06/2018,15,15958.9,39,158
20/06/2018,15,15713.8,40,158
20/06/2018,15,15873.9,41,158
20/06/2018,15,15645.8,42,158
20/06/2018,15,14332.6,43,158
20/06/2018,15,13735.6,44,158
20/06/2018,15,15676.2,45,158
20/06/2018,15,13365.9,46,158
20/06/2018,15,16409.7,47,158
20/06/2018,15,16293.8,48,158
20/06/2018,15,16184.5,49,158
20/06/2018,15,15764.2,50,158
20/06/2018,15,15151.5,51,158
20/06/2018,15,13522.0,52,158
20/06/2018,15,14786.0,53,158
20/06/2018,15,15544.6,54,158
20/06/2018,15,16436.2,55,158
20/06/2018,15,16248.8,56,158
20/06/2018,15,14219.2,57,158
20/06/2018,15,14112.3,58,158
20/06/2018,15,15963.7,59,158
20/06/2018,15,16015.7,60,158
20/06/2018,15,15829.3,61,158
20/06/2018,15,15179.9,62,158
20/06/2018,15,14450.6,63,158
20/06/2018,15,15629.7,64,158
20/06/2018,15,15996.3,65,158
20/06/2018,15,15980.5,66,158
20/06/2018,15,15451.9,67,158
20/06/2018,15,14927.9,68,158
20/06/2018,15,16754.8,69,158
20/06/2018,15,15296.9,70,158
20/06/2018,15,17088.6,71,158
20/06/2018,15,16286.9,72,158
20/06/2018,15,15976.9,73,158
20/06/2018,15,14270.7,74,158
20/06/2018,15,14868.1,75,158
20/06/2018,15,14290.6,76,158
20/06/2018,15,15591.0,77,158
20/06/2018,15,15487.3,78,158
20/06/2018,15,17510.9,79,158
20/06/2018,15,16404.0,80,158
20/06/2018,15,14702.2,81,158
20/06/2018,15,17611.3,82,158
20/06/2018,15,14601.0,83,158
20/06/2018,15,17431.6,84,158
20/06/2018,15,17038.8,85,158
20/06/2018,15,16435.7,86,158
20/06/2018,15,15709.9,87,158
20/06/2018,15,16051.9,88,158
20/06/2018,15,16851.5,89,158
20/06/2018,15,15759.1,90,158
20/06/2018,15,16595.2,91,158
20/06/2018,15,15837.5,92,158
20/06/2018,15,17725.6,93,158
20/06/2018,15,18492.9,94,158
20/06/2018,15,15666.7,95,158
20/06/2018,15,18974.9,96,158
20/06/2018,15,19201.8,97,158
20/06/2018,15,16312.9,98,158
20/06/2018,15,18404.7,99,158
20/06/2018,15,20627.4,100,158
20/06/2018,16,10750.7,1,159
20/06/2018,16,11486.7,2,159
20/06/2018,16,10975.8,3,159
20/06/2018,16,12110.4,4,159
20/06/2018,16,11723.7,5,159
20/06/2018,16,13006.7,6,159
20/06/2018,16,12335.0,7,159
20/06/2018,16,13142.0,8,159
20/06/2018,16,11795.7,9,159
20/06/2018,16,12453.1,10,159
20/06/2018,16,13777.2,11,159
20/06/2018,16,11941.1,12,159
20/06/2018,16,12931.8,13,159
20/06/2018,16,13286.5,14,159
20/06/2018,16,11865.9,15,159
20/06/2018,16,13928.0,16,159
20/06/2018,16,12364.1,17,159
20/06/2018,16,13559.4,18,159
20/06/2018,16,12808.0,19,159
20/06/2018,16,12528.2,20,159
20/06/2018,16,13329.7,21,159
20/06/2018,16,13652.2,22,159
20/06/2018,16,12823.6,23,159
20/06/2018,16,14085.8,24,159
20/06/2018,16,12914.8,25,159
20/06/2018,16,13964.8,26,159
20/06/2018,16,14564.0,27,159
20/06/2018,16,14258.4,28,159
20/06/2018,16,14391.5,29,159
20/06/2018,16,14339.2,30,159
20/06/2018,16,14155.3,31,159
20/06/2018,16,14689.8,32,159
20/06/2018,16,14124.9,33,159
20/06/2018,16,13486.0,34,159
20/06/2018,16,15292.5,35,159
20/06/2018,16,15338.5,36,159
20/06/2018,16,12543.5,37,159
20/06/2018,16,13229.2,38,159
20/06/2018,16,13140.3,39,159
20/06/2018,16,13946.9,40,159
20/06/2018,16,13410.3,41,159
20/06/2018,16,15180.9,42,159
20/06/2018,16,15093.3,43,159
20/06/2018,16,15153.8,44,159
20/06/2018,16,13522.3,45,159
20/06/2018,16,15117.7,46,159
20/06/2018,16,15072.8,47,159
20/06/2018,16,15820.2,48,159
20/06/2018,16,12905.1,49,159
20/06/2018,16,15424.3,50,159
20/06/2018,16,15449.8,51,159
20/06/2018,16,14545.2,52,159
20/06/2018,16,14726.0,53,159
20/06/2018,16,14843.4,54,159
20/06/2018,16,13626.4,55,159
20/06/2018,16,13584.9,56,159
20/06/2018,16,13601.4,57,159
20/06/2018,16,14210.4,58,159
20/06/2018,16,14220.3,59,159
20/06/2018,16,14835.0,60,159
20/06/2018,16,15786.3,61,159
20/06/2018,16,14289.1,62,159
20/06/2018,16,13387.3,63,159
20/06/2018,16,15613.3,64,159
20/06/2018,16,14397.9,65,159
20/06/2018,16,14103.1,66,159
20/06/2018,16,14287.1,67,159
20/06/2018,16,15786.6,68,159
20/06/2018,16,13540.2,69,159
20/06/2018,16,13569.7,70,159
20/06/2018,16,15910.4,71,159
20/06/2018,16,15730.6,72,159
20/06/2018,16,15689.5,73,159
20/06/2018,16,15544.0,74,159
20/06/2018,16,13742.5,75,159
20/06/2018,16,16531.7,76,159
20/06/2018,16,15821.4,77,159
20/06/2018,16,15661.4,78,159
20/06/2018,16,16052.0,79,159
20/06/2018,16,15939.6,80,159
20/06/2018,16,16932.1,81,159
20/06/2018,16,16019.7,82,159
20/06/2018,16,14969.9,83,159
20/06/2018,16,15001.7,84,159
20/06/2018,16,16136.3,85,159
20/06/2018,16,16005.2,86,159
20/06/2018,16,16963.3,87,159
20/06/2018,16,15891.0,88,159
20/06/2018,16,14642.6,89,159
20/06/2018,16,16210.2,90,159
20/06/2018,16,15197.3,91,159
20/06/2018,16,17134.2,92,159
20/06/2018,16,14579.2,93,159
20/06/2018,16,14814.3,94,159
20/06/2018,16,17653.4,95,159
20/06/2018,16,16200.6,96,159
20/06/2018,16,18405.3,97,159
20/06/2018,16,16130.7,98,159
20/06/2018,16,17458.0,99,159
20/06/2018,16,19796.7,100,159
20/06/2018,17,11105.2,1,160
20/06/2018,17,10108.0,2,160
20/06/2018,17,11310.8,3,160
20/06/2018,17,11060.5,4,160
20/06/2018,17,12635.8,5,160
20/06/2018,17,11711.1,6,160
20/06/2018,17,12190.7,7,160
20/06/2018,17,12770.9,8,160
20/06/2018,17,11076.2,9,160
20/06/2018,17,11924.1,10,160
20/06/2018,17,12017.9,11,160
20/06/2018,17,12777.1,12,160
20/06/2018,17,13459.6,13,160
20/06/2018,17,11501.5,14,160
20/06/2018,17,11729.1,15,160
20/06/2018,17,13564.3,16,160
20/06/2018,17,13195.3,17,160
20/06/2018,17,13780.2,18,160
20/06/2018,17,12538.1,19,160
20/06/2018,17,12795.4,20,160
20/06/2018,17,13752.7,21,160
20/06/2018,17,13132.7,22,160
20/06/2018,17,13245.3,23,160
20/06/2018,17,13754.2,24,160
20/06/2018,17,14155.0,25,160
20/06/2018,17,13611.1,26,160
20/06/2018,17,14243.5,27,160
20/06/2018,17,13054.8,28,160
20/06/2018,17,12356.0,29,160
20/06/2018,17,14335.0,30,160
20/06/2018,17,14269.7,31,160
20/06/2018,17,15142.8,32,160
20/06/2018,17,15112.2,33,160
20/06/2018,17,13845.2,34,160
20/06/2018,17,13101.0,35,160
20/06/2018,17,14319.2,36,160
20/06/2018,17,13164.3,37,160
20/06/2018,17,14490.4,38,160
20/06/2018,17,13742.2,39,160
20/06/2018,17,13280.9,40,160
20/06/2018,17,13706.2,41,160
20/06/2018,17,13587.8,42,160
20/06/2018,17,14135.6,43,160
20/06/2018,17,13640.7,44,160
20/06/2018,17,15214.0,45,160
20/06/2018,17,14800.1,46,160
20/06/2018,17,12891.5,47,160
20/06/2018,17,14115.9,48,160
20/06/2018,17,15738.1,49,160
20/06/2018,17,15039.3,50,160
20/06/2018,17,15796.8,51,160
20/06/2018,17,15757.5,52,160
20/06/2018,17,13332.7,53,160
20/06/2018,17,14759.2,54,160
20/06/2018,17,15301.6,55,160
20/06/2018,17,13928.2,56,160
20/06/2018,17,13227.1,57,160
20/06/2018,17,13161.6,58,160
20/06/2018,17,14862.9,59,160
20/06/2018,17,13449.9,60,160
20/06/2018,17,15536.5,61,160
20/06/2018,17,16170.9,62,160
20/06/2018,17,14816.0,63,160
20/06/2018,17,15020.0,64,160
20/06/2018,17,13873.4,65,160
20/06/2018,17,14441.6,66,160
20/06/2018,17,13559.3,67,160
20/06/2018,17,14592.1,68,160
20/06/2018,17,13581.3,69,160
20/06/2018,17,16031.3,70,160
20/06/2018,17,16484.3,71,160
20/06/2018,17,15764.1,72,160
20/06/2018,17,14837.3,73,160
20/06/2018,17,16387.1,74,160
20/06/2018,17,14986.4,75,160
20/06/2018,17,15847.6,76,160
20/06/2018,17,15886.3,77,160
20/06/2018,17,14416.1,78,160
20/06/2018,17,13907.7,79,160
20/06/2018,17,15867.1,80,160
20/06/2018,17,15919.0,81,160
20/06/2018,17,15792.1,82,160
20/06/2018,17,16283.3,83,160
20/06/2018,17,16258.2,84,160
20/06/2018,17,14566.1,85,160
20/06/2018,17,15311.1,86,160
20/06/2018,17,14869.0,87,160
20/06/2018,17,16292.0,88,160
20/06/2018,17,16362.1,89,160
20/06/2018,17,16007.5,90,160
20/06/2018,17,16680.6,91,160
20/06/2018,17,15037.6,92,160
20/06/2018,17,16456.6,93,160
20/06/2018,17,15824.5,94,160
20/06/2018,17,16959.6,95,160
20/06/2018,17,16310.5,96,160
20/06/2018,17,16265.8,97,160
20/06/2018,17,16549.3,98,160
20/06/2018,17,19104.2,99,160
20/06/2018,17,19211.7,100,160
20/06/2018,18,11037.3,1,161
20/06/2018,18,12124.7,2,161
20/06/2018,18,11865.6,3,161
20/06/2018,18,12907.5,4,161
20/06/2018,18,11704.1,5,161
20/06/2018,18,13326.4,6,161
20/06/2018,18,12698.0,7,161
20/06/2018,18,12472.9,8,161
20/06/2018,18,12895.3,9,161
20/06/2018,18,14120.5,10,161
20/06/2018,18,12113.3,11,161
20/06/2018,18,14358.1,12,161
20/06/2018,18,11979.4,13,161
20/06/2018,18,13848.5,14,161
20/06/2018,18,11837.7,15,161
20/06/2018,18,14473.2,16,161
20/06/2018,18,13102.8,17,161
20/06/2018,18,12740.6,18,161
20/06/2018,18,14462.2,19,161
20/06/2018,18,13398.6,20,161
20/06/2018,18,13318.4,21,161
20/06/2018,18,13232.3,22,161
20/06/2018,18,15010.8,23,161
20/06/2018,18,12460.2,24,161
20/06/2018,18,14765.3,25,161
20/06/2018,18,14402.9,26,161
20/06/2018,18,12828.8,27,161
20/06/2018,18,13348.5,28,161
20/06/2018,18,15514.9,29,161
20/06/2018,18,14518.6,30,161
20/06/2018,18,14013.3,31,161
20/06/2018,18,13115.9,32,161
20/06/2018,18,13673.4,33,161
20/06/2018,18,14192.1,34,161
20/06/2018,18,14086.5,35,161
20/06/2018,18,13340.5,36,161
20/06/2018,18,16053.3,37,161
20/06/2018,18,15354.3,38,161
20/06/2018,18,13854.0,39,161
20/06/2018,18,16123.8,40,161
20/06/2018,18,14669.8,41,161
20/06/2018,18,14431.5,42,161
20/06/2018,18,13154.4,43,161
20/06/2018,18,15690.2,44,161
20/06/2018,18,13716.5,45,161
20/06/2018,18,13632.3,46,161
20/06/2018,18,14043.9,47,161
20/06/2018,18,15553.6,48,161
20/06/2018,18,15539.2,49,161
20/06/2018,18,13989.1,50,161
20/06/2018,18,16113.5,51,161
20/06/2018,18,15636.1,52,161
20/06/2018,18,14966.4,53,161
20/06/2018,18,14272.8,54,161
20/06/2018,18,14449.2,55,161
20/06/2018,18,14486.8,56,161
20/06/2018,18,14490.4,57,161
20/06/2018,18,16457.8,58,161
20/06/2018,18,13756.8,59,161
20/06/2018,18,14106.0,60,161
20/06/2018,18,14362.1,61,161
20/06/2018,18,15955.4,62,161
20/06/2018,18,14271.3,63,161
20/06/2018,18,13985.6,64,161
20/06/2018,18,14565.8,65,161
20/06/2018,18,15477.1,66,161
20/06/2018,18,13990.8,67,161
20/06/2018,18,16669.7,68,161
20/06/2018,18,16336.4,69,161
20/06/2018,18,15504.8,70,161
20/06/2018,18,14268.6,71,161
20/06/2018,18,14154.3,72,161
20/06/2018,18,14634.5,73,161
20/06/2018,18,15505.5,74,161
20/06/2018,18,14628.7,75,161
20/06/2018,18,14773.5,76,161
20/06/2018,18,15933.1,77,161
20/06/2018,18,15619.0,78,161
20/06/2018,18,14379.7,79,161
20/06/2018,18,15514.9,80,161
20/06/2018,18,15120.0,81,161
20/06/2018,18,15717.7,82,161
20/06/2018,18,14791.8,83,161
20/06/2018,18,17654.0,84,161
20/06/2018,18,15373.9,85,161
20/06/2018,18,15715.1,86,161
20/06/2018,18,15459.6,87,161
20/06/2018,18,16232.3,88,161
20/06/2018,18,15432.0,89,161
20/06/2018,18,18050.9,90,161
20/06/2018,18,17430.8,91,161
20/06/2018,18,16101.8,92,161
20/06/2018,18,17286.0,93,161
20/06/2018,18,18171.2,94,161
20/06/2018,18,17614.5,95,161
20/06/2018,18,17076.3,96,161
20/06/2018,18,16110.9,97,161
20/06/2018,18,18898.4,98,161
20/06/2018,18,18499.6,99,161
20/06/2018,18,18127.8,100,161
20/06/2018,19,11118.6,1,162
20/06/2018,19,10757.4,2,162
20/06/2018,19,12773.9,3,162
20/06/2018,19,12682.9,4,162
20/06/2018,19,13382.6,5,162
20/06/2018,19,12395.7,6,162
20/06/2018,19,13643.5,7,162
20/06/2018,19,13243.4,8,162
20/06/2018,19,14087.4,9,162
20/06/2018,19,12912.3,10,162
20/06/2018,19,12654.9,11,162
20/06/2018,19,12825.9,12,162
20/06/2018,19,13263.5,13,162
20/06/2018,19,12938.1,14,162
20/06/2018,19,13999.3,15,162
20/06/2018,19,14052.3,16,162
20/06/2018,19,14805.8,17,162
20/06/2018,19,13989.7,18,162
20/06/2018,19,14615.5,19,162
20/06/2018,19,13693.6,20,162
20/06/2018,19,13366.6,21,162
20/06/2018,19,14484.9,22,162
20/06/2018,19,13512.5,23,162
20/06/2018,19,15620.2,24,162
20/06/2018,19,13107.8,25,162
20/06/2018,19,14712.0,26,162
20/06/2018,19,15225.1,27,162
20/06/2018,19,15206.7,28,162
20/06/2018,19,13479.1,29,162
20/06/2018,19,14883.2,30,162
20/06/2018,19,13376.3,31,162
20/06/2018,19,13666.5,32,162
20/06/2018,19,13512.2,33,162
20/06/2018,19,16251.7,34,162
20/06/2018,19,15893.1,35,162
20/06/2018,19,16165.1,36,162
20/06/2018,19,15693.0,37,162
20/06/2018,19,16210.1,38,162
20/06/2018,19,16295.8,39,162
20/06/2018,19,14515.8,40,162
20/06/2018,19,14490.6,41,162
20/06/2018,19,14535.5,42,162
20/06/2018,19,15901.3,43,162
20/06/2018,19,16632.2,44,162
20/06/2018,19,16438.9,45,162
20/06/2018,19,15254.3,46,162
20/06/2018,19,16398.0,47,162
20/06/2018,19,13887.6,48,162
20/06/2018,19,15654.5,49,162
20/06/2018,19,14632.1,50,162
20/06/2018,19,16025.6,51,162
20/06/2018,19,16671.9,52,162
20/06/2018,19,14094.3,53,162
20/06/2018,19,14232.6,54,162
20/06/2018,19,15974.4,55,162
20/06/2018,19,14173.9,56,162
20/06/2018,19,15508.2,57,162
20/06/2018,19,15228.4,58,162
20/06/2018,19,16269.8,59,162
20/06/2018,19,15756.2,60,162
20/06/2018,19,14626.3,61,162
20/06/2018,19,15977.5,62,162
20/06/2018,19,16015.4,63,162
20/06/2018,19,16753.9,64,162
20/06/2018,19,14448.3,65,162
20/06/2018,19,15304.6,66,162
20/06/2018,19,16193.6,67,162
20/06/2018,19,14647.3,68,162
20/06/2018,19,16346.7,69,162
20/06/2018,19,16632.7,70,162
20/06/2018,19,17867.2,71,162
20/06/2018,19,15664.2,72,162
20/06/2018,19,16895.2,73,162
20/06/2018,19,17274.4,74,162
20/06/2018,19,15721.7,75,162
20/06/2018,19,14698.7,76,162
20/06/2018,19,17648.5,77,162
20/06/2018,19,17341.7,78,162
20/06/2018,19,15920.3,79,162
20/06/2018,19,15851.2,80,162
20/06/2018,19,17840.8,81,162
20/06/2018,19,16487.1,82,162
20/06/2018,19,16893.8,83,162
20/06/2018,19,16160.5,84,162
20/06/2018,19,18014.7,85,162
20/06/2018,19,16786.1,86,162
20/06/2018,19,17692.2,87,162
20/06/2018,19,16444.8,88,162
20/06/2018,19,17838.6,89,162
20/06/2018,19,18342.8,90,162
20/06/2018,19,18398.9,91,162
20/06/2018,19,15613.4,92,162
20/06/2018,19,16975.5,93,162
20/06/2018,19,16897.4,94,162
20/06/2018,19,18412.3,95,162
20/06/2018,19,19571.4,96,162
20/06/2018,19,17687.2,97,162
20/06/2018,19,17083.4,98,162
20/06/2018,19,19595.4,99,162
20/06/2018,19,18568.3,100,162
20/06/2018,20,10525.1,1,163
20/06/2018,20,11537.9,2,163
20/06/2018,20,11596.6,3,163
20/06/2018,20,12350.8,4,163
20/06/2018,20,12264.4,5,163
20/06/2018,20,12740.6,6,163
20/06/2018,20,12658.8,7,163
20/06/2018,20,12719.7,8,163
20/06/2018,20,13337.0,9,163
20/06/2018,20,14126.2,10,163
20/06/2018,20,14687.1,11,163
20/06/2018,20,13798.3,12,163
20/06/2018,20,12846.5,13,163
20/06/2018,20,14789.5,14,163
20/06/2018,20,13763.2,15,163
20/06/2018,20,13470.5,16,163
20/06/2018,20,15043.1,17,163
20/06/2018,20,14162.5,18,163
20/06/2018,20,14509.6,19,163
20/06/2018,20,15390.1,20,163
20/06/2018,20,14991.5,21,163
20/06/2018,20,13044.8,22,163
20/06/2018,20,13792.9,23,163
20/06/2018,20,13487.1,24,163
20/06/2018,20,15767.6,25,163
20/06/2018,20,15326.5,26,163
20/06/2018,20,14564.6,27,163
20/06/2018,20,16150.6,28,163
20/06/2018,20,13988.0,29,163
20/06/2018,20,14592.0,30,163
20/06/2018,20,13420.8,31,163
20/06/2018,20,13848.7,32,163
20/06/2018,20,13620.2,33,163
20/06/2018,20,14392.0,34,163
20/06/2018,20,16673.4,35,163
20/06/2018,20,13959.8,36,163
20/06/2018,20,13689.4,37,163
20/06/2018,20,14033.8,38,163
20/06/2018,20,15669.1,39,163
20/06/2018,20,16384.3,40,163
20/06/2018,20,15689.3,41,163
20/06/2018,20,15639.8,42,163
20/06/2018,20,15280.8,43,163
20/06/2018,20,15775.9,44,163
20/06/2018,20,14562.8,45,163
20/06/2018,20,16165.7,46,163
20/06/2018,20,14535.3,47,163
20/06/2018,20,13937.3,48,163
20/06/2018,20,16565.7,49,163
20/06/2018,20,14021.5,50,163
20/06/2018,20,16817.1,51,163
20/06/2018,20,14501.9,52,163
20/06/2018,20,15292.2,53,163
20/06/2018,20,16475.5,54,163
20/06/2018,20,15086.8,55,163
20/06/2018,20,15274.7,56,163
20/06/2018,20,14682.7,57,163
20/06/2018,20,15905.3,58,163
20/06/2018,20,14322.8,59,163
20/06/2018,20,15619.9,60,163
20/06/2018,20,15924.6,61,163
20/06/2018,20,16609.4,62,163
20/06/2018,20,15207.9,63,163
20/06/2018,20,15253.6,64,163
20/06/2018,20,16898.3,65,163
20/06/2018,20,15111.3,66,163
20/06/2018,20,14776.9,67,163
20/06/2018,20,15355.1,68,163
20/06/2018,20,17021.5,69,163
20/06/2018,20,16753.3,70,163
20/06/2018,20,16173.5,71,163
20/06/2018,20,17771.6,72,163
20/06/2018,20,17607.7,73,163
20/06/2018,20,17414.4,74,163
20/06/2018,20,16898.4,75,163
20/06/2018,20,16846.3,76,163
20/06/2018,20,15884.7,77,163
20/06/2018,20,15249.5,78,163
20/06/2018,20,16888.9,79,163
20/06/2018,20,15154.3,80,163
20/06/2018,20,17753.7,81,163
20/06/2018,20,16750.4,82,163
20/06/2018,20,15779.6,83,163
20/06/2018,20,16051.4,84,163
20/06/2018,20,15432.2,85,163
20/06/2018,20,17947.3,86,163
20/06/2018,20,18041.2,87,163
20/06/2018,20,16594.5,88,163
20/06/2018,20,15674.7,89,163
20/06/2018,20,18371.1,90,163
20/06/2018,20,16377.0,91,163
20/06/2018,20,18140.2,92,163
20/06/2018,20,16335.6,93,163
20/06/2018,20,18072.8,94,163
20/06/2018,20,19169.0,95,163
20/06/2018,20,18606.6,96,163
20/06/2018,20,18692.4,97,163
20/06/2018,20,19816.1,98,163
20/06/2018,20,18046.8,99,163
20/06/2018,20,21609.6,100,163
20/06/2018,21,10598.0,1,164
20/06/2018,21,12662.5,2,164
20/06/2018,21,11078.8,3,164
20/06/2018,21,12337.5,4,164
20/06/2018,21,12330.6,5,164
20/06/2018,21,14572.3,6,164
20/06/2018,21,12175.2,7,164
20/06/2018,21,13795.8,8,164
20/06/2018,21,14529.2,9,164
20/06/2018,21,15109.6,10,164
20/06/2018,21,14868.1,11,164
20/06/2018,21,12963.8,12,164
20/06/2018,21,15116.9,13,164
20/06/2018,21,14974.2,14,164
20/06/2018,21,12576.5,15,164
20/06/2018,21,14884.9,16,164
20/06/2018,21,15513.8,17,164
20/06/2018,21,12858.1,18,164
20/06/2018,21,14346.1,19,164
20/06/2018,21,14618.6,20,164
20/06/2018,21,15224.1,21,164
20/06/2018,21,14650.9,22,164
20/06/2018,21,14228.0,23,164
20/06/2018,21,15434.5,24,164
20/06/2018,21,14667.0,25,164
20/06/2018,21,15761.3,26,164
20/06/2018,21,15455.3,27,164
20/06/2018,21,13811.4,28,164
20/06/2018,21,15640.8,29,164
20/06/2018,21,14607.7,30,164
20/06/2018,21,14231.2,31,164
20/06/2018,21,16166.0,32,164
20/06/2018,21,14591.7,33,164
20/06/2018,21,15016.7,34,164
20/06/2018,21,16597.3,35,164
20/06/2018,21,14356.6,36,164
20/06/2018,21,14265.4,37,164
20/06/2018,21,13871.8,38,164
20/06/2018,21,15876.9,39,164
20/06/2018,21,15221.7,40,164
20/06/2018,21,16209.4,41,164
20/06/2018,21,15303.4,42,164
20/06/2018,21,16408.2,43,164
20/06/2018,21,16713.6,44,164
20/06/2018,21,17219.2,45,164
20/06/2018,21,15480.4,46,164
20/06/2018,21,15101.9,47,164
20/06/2018,21,16105.0,48,164
20/06/2018,21,14644.4,49,164
20/06/2018,21,16823.7,50,164
20/06/2018,21,15006.0,51,164
20/06/2018,21,14508.4,52,164
20/06/2018,21,16540.7,53,164
20/06/2018,21,15763.1,54,164
20/06/2018,21,16983.8,55,164
20/06/2018,21,16242.7,56,164
20/06/2018,21,14964.6,57,164
20/06/2018,21,17186.7,58,164
20/06/2018,21,14528.1,59,164
20/06/2018,21,16795.0,60,164
20/06/2018,21,16571.2,61,164
20/06/2018,21,15971.9,62,164
20/06/2018,21,15700.4,63,164
20/06/2018,21,17827.6,64,164
20/06/2018,21,15614.2,65,164
20/06/2018,21,15067.5,66,164
20/06/2018,21,17588.9,67,164
20/06/2018,21,16122.4,68,164
20/06/2018,21,16608.6,69,164
20/06/2018,21,17764.0,70,164
20/06/2018,21,15324.6,71,164
20/06/2018,21,18061.4,72,164
20/06/2018,21,17877.9,73,164
20/06/2018,21,18077.6,74,164
20/06/2018,21,15264.6,75,164
20/06/2018,21,14904.5,76,164
20/06/2018,21,16792.9,77,164
20/06/2018,21,17530.6,78,164
20/06/2018,21,16564.8,79,164
20/06/2018,21,15933.5,80,164
20/06/2018,21,17215.1,81,164
20/06/2018,21,16926.1,82,164
20/06/2018,21,15481.8,83,164
20/06/2018,21,16617.9,84,164
20/06/2018,21,15634.3,85,164
20/06/2018,21,17196.4,86,164
20/06/2018,21,18045.7,87,164
20/06/2018,21,18224.3,88,164
20/06/2018,21,17330.3,89,164
20/06/2018,21,18677.1,90,164
20/06/2018,21,17483.3,91,164
20/06/2018,21,18528.9,92,164
20/06/2018,21,18665.4,93,164
20/06/2018,21,18936.1,94,164
20/06/2018,21,17222.8,95,164
20/06/2018,21,16505.1,96,164
20/06/2018,21,20301.9,97,164
20/06/2018,21,18494.9,98,164
20/06/2018,21,20871.8,99,164
20/06/2018,21,19726.2,100,164
20/06/2018,22,13227.8,1,165
20/06/2018,22,12556.6,2,165
20/06/2018,22,13471.7,3,165
20/06/2018,22,13717.7,4,165
20/06/2018,22,12348.1,5,165
20/06/2018,22,14762.2,6,165
20/06/2018,22,15088.4,7,165
20/06/2018,22,13210.1,8,165
20/06/2018,22,14760.4,9,165
20/06/2018,22,15265.4,10,165
20/06/2018,22,13924.7,11,165
20/06/2018,22,15832.2,12,165
20/06/2018,22,13520.4,13,165
20/06/2018,22,13809.2,14,165
20/06/2018,22,15540.5,15,165
20/06/2018,22,14647.1,16,165
20/06/2018,22,13795.9,17,165
20/06/2018,22,13399.7,18,165
20/06/2018,22,14295.8,19,165
20/06/2018,22,13581.7,20,165
20/06/2018,22,15671.5,21,165
20/06/2018,22,13666.6,22,165
20/06/2018,22,15502.6,23,165
20/06/2018,22,16346.4,24,165
20/06/2018,22,14054.5,25,165
20/06/2018,22,15442.5,26,165
20/06/2018,22,14120.2,27,165
20/06/2018,22,16707.5,28,165
20/06/2018,22,14416.4,29,165
20/06/2018,22,14511.8,30,165
20/06/2018,22,14682.5,31,165
20/06/2018,22,16577.5,32,165
20/06/2018,22,16853.2,33,165
20/06/2018,22,17258.9,34,165
20/06/2018,22,15034.2,35,165
20/06/2018,22,17341.0,36,165
20/06/2018,22,17365.2,37,165
20/06/2018,22,16972.5,38,165
20/06/2018,22,17104.9,39,165
20/06/2018,22,16984.3,40,165
20/06/2018,22,16484.3,41,165
20/06/2018,22,14417.6,42,165
20/06/2018,22,14536.4,43,165
20/06/2018,22,15200.2,44,165
20/06/2018,22,16388.8,45,165
20/06/2018,22,16526.2,46,165
20/06/2018,22,17686.4,47,165
20/06/2018,22,17370.5,48,165
20/06/2018,22,14734.9,49,165
20/06/2018,22,16651.8,50,165
20/06/2018,22,16389.2,51,165
20/06/2018,22,17385.1,52,165
20/06/2018,22,15414.7,53,165
20/06/2018,22,17894.7,54,165
20/06/2018,22,17668.5,55,165
20/06/2018,22,16523.1,56,165
20/06/2018,22,15377.6,57,165
20/06/2018,22,15041.1,58,165
20/06/2018,22,16726.2,59,165
20/06/2018,22,17668.7,60,165
20/06/2018,22,16125.6,61,165
20/06/2018,22,15582.4,62,165
20/06/2018,22,16655.1,63,165
20/06/2018,22,17830.4,64,165
20/06/2018,22,16056.7,65,165
20/06/2018,22,16242.0,66,165
20/06/2018,22,15549.7,67,165
20/06/2018,22,17537.5,68,165
20/06/2018,22,16020.5,69,165
20/06/2018,22,15752.1,70,165
20/06/2018,22,16201.9,71,165
20/06/2018,22,17902.5,72,165
20/06/2018,22,18255.6,73,165
20/06/2018,22,17477.9,74,165
20/06/2018,22,18356.3,75,165
20/06/2018,22,17021.8,76,165
20/06/2018,22,17689.5,77,165
20/06/2018,22,17284.8,78,165
20/06/2018,22,17978.8,79,165
20/06/2018,22,17112.4,80,165
20/06/2018,22,18596.4,81,165
20/06/2018,22,15906.9,82,165
20/06/2018,22,15763.3,83,165
20/06/2018,22,17813.4,84,165
20/06/2018,22,18267.4,85,165
20/06/2018,22,17677.9,86,165
20/06/2018,22,18329.5,87,165
20/06/2018,22,17630.2,88,165
20/06/2018,22,18429.3,89,165
20/06/2018,22,17466.3,90,165
20/06/2018,22,16628.4,91,165
20/06/2018,22,18266.1,92,165
20/06/2018,22,18182.4,93,165
20/06/2018,22,18715.0,94,165
20/06/2018,22,20172.5,95,165
20/06/2018,22,19086.1,96,165
20/06/2018,22,20031.8,97,165
20/06/2018,22,18602.7,98,165
20/06/2018,22,21092.6,99,165
20/06/2018,22,19605.4,100,165
20/06/2018,23,10025.5,1,166
20/06/2018,23,11785.9,2,166
20/06/2018,23,11684.4,3,166
20/06/2018,23,10753.0,4,166
20/06/2018,23,11825.1,5,166
20/06/2018,23,11131.7,6,166
20/06/2018,23,13667.6,7,166
20/06/2018,23,13068.0,8,166
20/06/2018,23,13034.7,9,166
20/06/2018,23,13849.4,10,166
20/06/2018,23,13293.0,11,166
20/06/2018,23,13108.2,12,166
20/06/2018,23,12114.9,13,166
20/06/2018,23,14132.6,14,166
20/06/2018,23,12365.4,15,166
20/06/2018,23,13789.9,16,166
20/06/2018,23,14241.2,17,166
20/06/2018,23,11728.6,18,166
20/06/2018,23,13308.6,19,166
20/06/2018,23,14434.7,20,166
20/06/2018,23,12896.1,21,166
20/06/2018,23,13019.8,22,166
20/06/2018,23,12871.7,23,166
20/06/2018,23,14737.4,24,166
20/06/2018,23,12781.4,25,166
20/06/2018,23,12410.0,26,166
20/06/2018,23,12225.4,27,166
20/06/2018,23,14157.0,28,166
20/06/2018,23,15141.3,29,166
20/06/2018,23,12707.6,30,166
20/06/2018,23,14749.2,31,166
20/06/2018,23,14681.7,32,166
20/06/2018,23,13926.1,33,166
20/06/2018,23,13942.4,34,166
20/06/2018,23,13069.7,35,166
20/06/2018,23,14092.2,36,166
20/06/2018,23,14105.1,37,166
20/06/2018,23,13152.5,38,166
20/06/2018,23,13612.3,39,166
20/06/2018,23,14336.7,40,166
20/06/2018,23,15454.1,41,166
20/06/2018,23,13644.3,42,166
20/06/2018,23,14507.8,43,166
20/06/2018,23,15298.1,44,166
20/06/2018,23,14283.1,45,166
20/06/2018,23,14892.2,46,166
20/06/2018,23,14609.1,47,166
20/06/2018,23,15843.1,48,166
20/06/2018,23,13542.2,49,166
20/06/2018,23,15413.0,50,166
20/06/2018,23,14073.6,51,166
20/06/2018,23,14765.9,52,166
20/06/2018,23,14957.5,53,166
20/06/2018,23,15304.8,54,166
20/06/2018,23,15997.7,55,166
20/06/2018,23,14073.9,56,166
20/06/2018,23,14425.0,57,166
20/06/2018,23,13956.9,58,166
20/06/2018,23,15698.4,59,166
20/06/2018,23,13605.4,60,166
20/06/2018,23,15228.8,61,166
20/06/2018,23,16498.7,62,166
20/06/2018,23,15488.0,63,166
20/06/2018,23,13951.0,64,166
20/06/2018,23,13941.0,65,166
20/06/2018,23,15607.7,66,166
20/06/2018,23,16428.2,67,166
20/06/2018,23,16348.2,68,166
20/06/2018,23,16517.0,69,166
20/06/2018,23,14081.1,70,166
20/06/2018,23,14490.6,71,166
20/06/2018,23,14024.1,72,166
20/06/2018,23,13894.5,73,166
20/06/2018,23,14085.4,74,166
20/06/2018,23,14040.0,75,166
20/06/2018,23,13829.7,76,166
20/06/2018,23,16668.5,77,166
20/06/2018,23,14262.5,78,166
20/06/2018,23,16234.7,79,166
20/06/2018,23,15446.3,80,166
20/06/2018,23,15276.9,81,166
20/06/2018,23,17045.1,82,166
20/06/2018,23,16143.6,83,166
20/06/2018,23,16138.7,84,166
20/06/2018,23,17060.2,85,166
20/06/2018,23,15308.1,86,166
20/06/2018,23,16856.6,87,166
20/06/2018,23,15892.8,88,166
20/06/2018,23,14691.2,89,166
20/06/2018,23,15593.2,90,166
20/06/2018,23,14949.3,91,166
20/06/2018,23,16761.3,92,166
20/06/2018,23,16491.5,93,166
20/06/2018,23,16883.9,94,166
20/06/2018,23,17121.6,95,166
20/06/2018,23,16965.8,96,166
20/06/2018,23,16756.7,97,166
20/06/2018,23,17792.5,98,166
20/06/2018,23,16418.2,99,166
20/06/2018,23,18707.7,100,166
20/06/2018,24,9322.4,1,167
20/06/2018,24,9385.1,2,167
20/06/2018,24,10087.6,3,167
20/06/2018,24,8658.3,4,167
20/06/2018,24,10348.2,5,167
20/06/2018,24,9663.4,6,167
20/06/2018,24,10615.9,7,167
20/06/2018,24,10560.3,8,167
20/06/2018,24,10542.4,9,167
20/06/2018,24,11573.8,10,167
20/06/2018,24,10183.7,11,167
20/06/2018,24,11238.7,12,167
20/06/2018,24,10501.6,13,167
20/06/2018,24,11386.3,14,167
20/06/2018,24,11029.3,15,167
20/06/2018,24,10442.5,16,167
20/06/2018,24,12380.9,17,167
20/06/2018,24,11188.6,18,167
20/06/2018,24,10943.6,19,167
20/06/2018,24,10211.4,20,167
20/06/2018,24,10582.0,21,167
20/06/2018,24,11390.5,22,167
20/06/2018,24,10771.5,23,167
20/06/2018,24,11224.0,24,167
20/06/2018,24,10780.0,25,167
20/06/2018,24,11654.6,26,167
20/06/2018,24,12067.2,27,167
20/06/2018,24,12652.7,28,167
20/06/2018,24,12123.8,29,167
20/06/2018,24,11428.2,30,167
20/06/2018,24,11342.8,31,167
20/06/2018,24,12005.4,32,167
20/06/2018,24,12251.0,33,167
20/06/2018,24,12329.0,34,167
20/06/2018,24,13183.9,35,167
20/06/2018,24,13248.3,36,167
20/06/2018,24,11102.7,37,167
20/06/2018,24,12897.7,38,167
20/06/2018,24,11889.0,39,167
20/06/2018,24,13162.9,40,167
20/06/2018,24,12834.2,41,167
20/06/2018,24,11829.5,42,167
20/06/2018,24,11362.2,43,167
20/06/2018,24,13399.8,44,167
20/06/2018,24,13804.5,45,167
20/06/2018,24,13562.9,46,167
20/06/2018,24,12513.7,47,167
20/06/2018,24,11917.0,48,167
20/06/2018,24,13493.9,49,167
20/06/2018,24,12417.1,50,167
20/06/2018,24,11476.8,51,167
20/06/2018,24,12071.1,52,167
20/06/2018,24,13443.4,53,167
20/06/2018,24,11782.5,54,167
20/06/2018,24,12508.1,55,167
20/06/2018,24,13901.5,56,167
20/06/2018,24,13883.7,57,167
20/06/2018,24,13276.5,58,167
20/06/2018,24,12101.9,59,167
20/06/2018,24,13554.2,60,167
20/06/2018,24,13643.4,61,167
20/06/2018,24,12767.0,62,167
20/06/2018,24,13095.7,63,167
20/06/2018,24,13142.7,64,167
20/06/2018,24,11980.9,65,167
20/06/2018,24,14443.8,66,167
20/06/2018,24,13967.9,67,167
20/06/2018,24,13153.4,68,167
20/06/2018,24,14064.8,69,167
20/06/2018,24,13861.5,70,167
20/06/2018,24,14494.1,71,167
20/06/2018,24,12532.7,72,167
20/06/2018,24,13003.1,73,167
20/06/2018,24,12215.6,74,167
20/06/2018,24,13578.2,75,167
20/06/2018,24,13051.0,76,167
20/06/2018,24,12630.7,77,167
20/06/2018,24,14676.3,78,167
20/06/2018,24,14308.2,79,167
20/06/2018,24,12538.2,80,167
20/06/2018,24,12652.1,81,167
20/06/2018,24,14765.3,82,167
20/06/2018,24,14254.6,83,167
20/06/2018,24,14742.2,84,167
20/06/2018,24,15033.9,85,167
20/06/2018,24,14856.2,86,167
20/06/2018,24,13422.6,87,167
20/06/2018,24,14496.5,88,167
20/06/2018,24,14597.8,89,167
20/06/2018,24,14963.1,90,167
20/06/2018,24,14577.6,91,167
20/06/2018,24,14586.9,92,167
20/06/2018,24,13990.2,93,167
20/06/2018,24,15320.6,94,167
20/06/2018,24,16487.7,95,167
20/06/2018,24,16539.0,96,167
20/06/2018,24,14534.4,97,167
20/06/2018,24,15305.2,98,167
20/06/2018,24,15185.7,99,167
20/06/2018,24,19400.4,100,167
